Year, Month, Monthly_MSL, Unverified, Linear_Trend, High_Conf., Low_Conf.
1856,1,-0.249,,-0.39,-0.381,-0.399
1856,2,-0.247,,-0.39,-0.381,-0.398
1856,3,-0.346,,-0.39,-0.381,-0.398
1856,4,-0.355,,-0.389,-0.381,-0.398
1856,5,-0.325,,-0.389,-0.381,-0.398
1856,6,-0.462,,-0.389,-0.38,-0.397
1856,7,-0.409,,-0.389,-0.38,-0.397
1856,8,-0.392,,-0.388,-0.38,-0.397
1856,9,-0.449,,-0.388,-0.38,-0.397
1856,10,-0.457,,-0.388,-0.379,-0.396
1856,11,-0.38,,-0.388,-0.379,-0.396
1856,12,-0.289,,-0.387,-0.379,-0.396
1857,1,-0.249,,-0.387,-0.379,-0.396
1857,2,-0.284,,-0.387,-0.378,-0.395
1857,3,-0.303,,-0.387,-0.378,-0.395
1857,4,-0.34,,-0.386,-0.378,-0.395
1857,5,-0.294,,-0.386,-0.378,-0.395
1857,6,-0.319,,-0.386,-0.378,-0.394
1857,7,-0.36,,-0.386,-0.377,-0.394
1857,8,-0.356,,-0.385,-0.377,-0.394
1857,9,-0.382,,-0.385,-0.377,-0.394
1857,10,-0.427,,-0.385,-0.377,-0.393
1857,11,-0.34,,-0.385,-0.376,-0.393
1857,12,-0.274,,-0.385,-0.376,-0.393
1858,1,-0.228,,-0.384,-0.376,-0.393
1858,2,-0.272,,-0.384,-0.376,-0.392
1858,3,-0.322,,-0.384,-0.375,-0.392
1858,4,-0.38,,-0.384,-0.375,-0.392
1858,5,-0.358,,-0.383,-0.375,-0.392
1858,6,-0.341,,-0.383,-0.375,-0.391
1858,7,-0.372,,-0.383,-0.375,-0.391
1858,8,-0.444,,-0.383,-0.374,-0.391
1858,9,-0.464,,-0.382,-0.374,-0.391
1858,10,-0.506,,-0.382,-0.374,-0.39
1858,11,-0.365,,-0.382,-0.374,-0.39
1858,12,-0.277,,-0.382,-0.373,-0.39
1859,1,-0.246,,-0.381,-0.373,-0.39
1859,2,-0.256,,-0.381,-0.373,-0.39
1859,3,-0.297,,-0.381,-0.373,-0.389
1859,4,-0.346,,-0.381,-0.372,-0.389
1859,5,-0.309,,-0.38,-0.372,-0.389
1859,6,-0.371,,-0.38,-0.372,-0.389
1859,7,-0.339,,-0.38,-0.372,-0.388
1859,8,-0.343,,-0.38,-0.371,-0.388
1859,9,-0.4,,-0.38,-0.371,-0.388
1859,10,-0.421,,-0.379,-0.371,-0.388
1859,11,-0.356,,-0.379,-0.371,-0.387
1859,12,-0.238,,-0.379,-0.371,-0.387
1860,1,-0.243,,-0.379,-0.37,-0.387
1860,2,-0.253,,-0.378,-0.37,-0.387
1860,3,-0.328,,-0.378,-0.37,-0.386
1860,4,-0.355,,-0.378,-0.37,-0.386
1860,5,-0.343,,-0.378,-0.369,-0.386
1860,6,-0.337,,-0.377,-0.369,-0.386
1860,7,-0.381,,-0.377,-0.369,-0.385
1860,8,-0.392,,-0.377,-0.369,-0.385
1860,9,-0.437,,-0.377,-0.368,-0.385
1860,10,-0.445,,-0.376,-0.368,-0.385
1860,11,-0.398,,-0.376,-0.368,-0.384
1860,12,-0.296,,-0.376,-0.368,-0.384
1861,1,,,-0.376,-0.368,-0.384
1861,2,,,-0.375,-0.367,-0.384
1861,3,,,-0.375,-0.367,-0.383
1861,4,,,-0.375,-0.367,-0.383
1861,5,,,-0.375,-0.367,-0.383
1861,6,,,-0.375,-0.366,-0.383
1861,7,,,-0.374,-0.366,-0.382
1861,8,,,-0.374,-0.366,-0.382
1861,9,,,-0.374,-0.366,-0.382
1861,10,,,-0.374,-0.365,-0.382
1861,11,,,-0.373,-0.365,-0.381
1861,12,,,-0.373,-0.365,-0.381
1862,1,-0.295,,-0.373,-0.365,-0.381
1862,2,-0.305,,-0.373,-0.365,-0.381
1862,3,-0.313,,-0.372,-0.364,-0.38
1862,4,-0.343,,-0.372,-0.364,-0.38
1862,5,-0.312,,-0.372,-0.364,-0.38
1862,6,-0.35,,-0.372,-0.364,-0.38
1862,7,-0.336,,-0.371,-0.363,-0.379
1862,8,-0.395,,-0.371,-0.363,-0.379
1862,9,-0.443,,-0.371,-0.363,-0.379
1862,10,-0.488,,-0.371,-0.363,-0.379
1862,11,-0.365,,-0.37,-0.362,-0.378
1862,12,-0.283,,-0.37,-0.362,-0.378
1863,1,-0.313,,-0.37,-0.362,-0.378
1863,2,-0.348,,-0.37,-0.362,-0.378
1863,3,-0.355,,-0.369,-0.361,-0.377
1863,4,-0.325,,-0.369,-0.361,-0.377
1863,5,-0.3,,-0.369,-0.361,-0.377
1863,6,-0.371,,-0.369,-0.361,-0.377
1863,7,-0.336,,-0.369,-0.361,-0.377
1863,8,-0.38,,-0.368,-0.36,-0.376
1863,9,-0.379,,-0.368,-0.36,-0.376
1863,10,-0.317,,-0.368,-0.36,-0.376
1863,11,-0.389,,-0.368,-0.36,-0.376
1863,12,-0.414,,-0.367,-0.359,-0.375
1864,1,-0.499,,-0.367,-0.359,-0.375
1864,2,-0.412,,-0.367,-0.359,-0.375
1864,3,-0.279,,-0.367,-0.359,-0.375
1864,4,-0.2,,-0.366,-0.358,-0.374
1864,5,-0.3,,-0.366,-0.358,-0.374
1864,6,-0.441,,-0.366,-0.358,-0.374
1864,7,-0.393,,-0.366,-0.358,-0.374
1864,8,-0.349,,-0.365,-0.358,-0.373
1864,9,-0.339,,-0.365,-0.357,-0.373
1864,10,-0.229,,-0.365,-0.357,-0.373
1864,11,-0.377,,-0.365,-0.357,-0.373
1864,12,-0.35,,-0.364,-0.357,-0.372
1865,1,-0.396,,-0.364,-0.356,-0.372
1865,2,-0.305,,-0.364,-0.356,-0.372
1865,3,-0.377,,-0.364,-0.356,-0.372
1865,4,-0.413,,-0.364,-0.356,-0.371
1865,5,-0.306,,-0.363,-0.355,-0.371
1865,6,-0.362,,-0.363,-0.355,-0.371
1865,7,-0.546,,-0.363,-0.355,-0.371
1865,8,-0.423,,-0.363,-0.355,-0.37
1865,9,-0.4,,-0.362,-0.355,-0.37
1865,10,-0.415,,-0.362,-0.354,-0.37
1865,11,-0.362,,-0.362,-0.354,-0.37
1865,12,-0.332,,-0.362,-0.354,-0.369
1866,1,-0.347,,-0.361,-0.354,-0.369
1866,2,-0.436,,-0.361,-0.353,-0.369
1866,3,-0.474,,-0.361,-0.353,-0.369
1866,4,-0.422,,-0.361,-0.353,-0.368
1866,5,-0.376,,-0.36,-0.353,-0.368
1866,6,-0.362,,-0.36,-0.352,-0.368
1866,7,-0.345,,-0.36,-0.352,-0.368
1866,8,-0.368,,-0.36,-0.352,-0.367
1866,9,-0.379,,-0.359,-0.352,-0.367
1866,10,-0.25,,-0.359,-0.351,-0.367
1866,11,-0.337,,-0.359,-0.351,-0.367
1866,12,-0.399,,-0.359,-0.351,-0.366
1867,1,-0.237,,-0.358,-0.351,-0.366
1867,2,-0.375,,-0.358,-0.351,-0.366
1867,3,-0.242,,-0.358,-0.35,-0.366
1867,4,-0.392,,-0.358,-0.35,-0.365
1867,5,-0.337,,-0.358,-0.35,-0.365
1867,6,-0.362,,-0.357,-0.35,-0.365
1867,7,-0.204,,-0.357,-0.349,-0.365
1867,8,-0.374,,-0.357,-0.349,-0.365
1867,9,-0.376,,-0.357,-0.349,-0.364
1867,10,-0.341,,-0.356,-0.349,-0.364
1867,11,-0.389,,-0.356,-0.348,-0.364
1867,12,-0.356,,-0.356,-0.348,-0.364
1868,1,-0.335,,-0.356,-0.348,-0.363
1868,2,-0.421,,-0.355,-0.348,-0.363
1868,3,-0.398,,-0.355,-0.348,-0.363
1868,4,-0.304,,-0.355,-0.347,-0.363
1868,5,-0.114,,-0.355,-0.347,-0.362
1868,6,-0.31,,-0.354,-0.347,-0.362
1868,7,-0.296,,-0.354,-0.347,-0.362
1868,8,-0.398,,-0.354,-0.346,-0.362
1868,9,-0.297,,-0.354,-0.346,-0.361
1868,10,-0.326,,-0.353,-0.346,-0.361
1868,11,-0.298,,-0.353,-0.346,-0.361
1868,12,-0.411,,-0.353,-0.345,-0.361
1869,1,-0.313,,-0.353,-0.345,-0.36
1869,2,-0.369,,-0.353,-0.345,-0.36
1869,3,-0.401,,-0.352,-0.345,-0.36
1869,4,-0.374,,-0.352,-0.344,-0.36
1869,5,-0.309,,-0.352,-0.344,-0.359
1869,6,-0.392,,-0.352,-0.344,-0.359
1869,7,-0.369,,-0.351,-0.344,-0.359
1869,8,-0.374,,-0.351,-0.344,-0.359
1869,9,-0.37,,-0.351,-0.343,-0.358
1869,10,-0.341,,-0.351,-0.343,-0.358
1869,11,-0.368,,-0.35,-0.343,-0.358
1869,12,-0.289,,-0.35,-0.343,-0.358
1870,1,-0.328,,-0.35,-0.342,-0.357
1870,2,-0.217,,-0.35,-0.342,-0.357
1870,3,-0.194,,-0.349,-0.342,-0.357
1870,4,-0.179,,-0.349,-0.342,-0.357
1870,5,-0.279,,-0.349,-0.341,-0.356
1870,6,-0.313,,-0.349,-0.341,-0.356
1870,7,-0.311,,-0.348,-0.341,-0.356
1870,8,-0.307,,-0.348,-0.341,-0.356
1870,9,-0.315,,-0.348,-0.341,-0.355
1870,10,-0.311,,-0.348,-0.34,-0.355
1870,11,-0.392,,-0.348,-0.34,-0.355
1870,12,-0.35,,-0.347,-0.34,-0.355
1871,1,-0.353,,-0.347,-0.34,-0.354
1871,2,-0.351,,-0.347,-0.339,-0.354
1871,3,-0.291,,-0.347,-0.339,-0.354
1871,4,-0.267,,-0.346,-0.339,-0.354
1871,5,-0.364,,-0.346,-0.339,-0.353
1871,6,-0.328,,-0.346,-0.338,-0.353
1871,7,-0.332,,-0.346,-0.338,-0.353
1871,8,-0.356,,-0.345,-0.338,-0.353
1871,9,-0.351,,-0.345,-0.338,-0.352
1871,10,-0.433,,-0.345,-0.338,-0.352
1871,11,-0.343,,-0.345,-0.337,-0.352
1871,12,-0.491,,-0.344,-0.337,-0.352
1872,1,-0.365,,-0.344,-0.337,-0.352
1872,2,-0.284,,-0.344,-0.337,-0.351
1872,3,-0.404,,-0.344,-0.336,-0.351
1872,4,-0.401,,-0.343,-0.336,-0.351
1872,5,-0.416,,-0.343,-0.336,-0.351
1872,6,-0.344,,-0.343,-0.336,-0.35
1872,7,-0.339,,-0.343,-0.335,-0.35
1872,8,-0.362,,-0.342,-0.335,-0.35
1872,9,-0.428,,-0.342,-0.335,-0.35
1872,10,-0.317,,-0.342,-0.335,-0.349
1872,11,-0.337,,-0.342,-0.334,-0.349
1872,12,-0.289,,-0.342,-0.334,-0.349
1873,1,-0.335,,-0.341,-0.334,-0.349
1873,2,-0.32,,-0.341,-0.334,-0.348
1873,3,-0.435,,-0.341,-0.334,-0.348
1873,4,-0.27,,-0.341,-0.333,-0.348
1873,5,-0.309,,-0.34,-0.333,-0.348
1873,6,-0.359,,-0.34,-0.333,-0.347
1873,7,-0.329,,-0.34,-0.333,-0.347
1873,8,-0.325,,-0.34,-0.332,-0.347
1873,9,-0.351,,-0.339,-0.332,-0.347
1873,10,-0.302,,-0.339,-0.332,-0.346
1873,11,-0.407,,-0.339,-0.332,-0.346
1873,12,-0.326,,-0.339,-0.331,-0.346
1874,1,-0.286,,-0.338,-0.331,-0.346
1874,2,-0.326,,-0.338,-0.331,-0.345
1874,3,-0.447,,-0.338,-0.331,-0.345
1874,4,-0.432,,-0.338,-0.331,-0.345
1874,5,-0.358,,-0.337,-0.33,-0.345
1874,6,-0.356,,-0.337,-0.33,-0.344
1874,7,-0.366,,-0.337,-0.33,-0.344
1874,8,-0.346,,-0.337,-0.33,-0.344
1874,9,-0.336,,-0.337,-0.329,-0.344
1874,10,-0.445,,-0.336,-0.329,-0.343
1874,11,-0.444,,-0.336,-0.329,-0.343
1874,12,-0.497,,-0.336,-0.329,-0.343
1875,1,-0.322,,-0.336,-0.328,-0.343
1875,2,-0.455,,-0.335,-0.328,-0.342
1875,3,-0.337,,-0.335,-0.328,-0.342
1875,4,-0.352,,-0.335,-0.328,-0.342
1875,5,-0.425,,-0.335,-0.327,-0.342
1875,6,-0.414,,-0.334,-0.327,-0.341
1875,7,-0.363,,-0.334,-0.327,-0.341
1875,8,-0.328,,-0.334,-0.327,-0.341
1875,9,-0.394,,-0.334,-0.327,-0.341
1875,10,-0.366,,-0.333,-0.326,-0.34
1875,11,-0.371,,-0.333,-0.326,-0.34
1875,12,-0.326,,-0.333,-0.326,-0.34
1876,1,-0.484,,-0.333,-0.326,-0.34
1876,2,-0.384,,-0.332,-0.325,-0.34
1876,3,-0.331,,-0.332,-0.325,-0.339
1876,4,-0.328,,-0.332,-0.325,-0.339
1876,5,-0.379,,-0.332,-0.325,-0.339
1876,6,-0.368,,-0.332,-0.324,-0.339
1876,7,-0.351,,-0.331,-0.324,-0.338
1876,8,-0.343,,-0.331,-0.324,-0.338
1876,9,-0.287,,-0.331,-0.324,-0.338
1876,10,-0.442,,-0.331,-0.324,-0.338
1876,11,-0.16,,-0.33,-0.323,-0.337
1876,12,-0.323,,-0.33,-0.323,-0.337
1877,1,-0.408,,-0.33,-0.323,-0.337
1877,2,-0.339,,-0.33,-0.323,-0.337
1877,3,-0.34,,-0.329,-0.322,-0.336
1877,4,-0.27,,-0.329,-0.322,-0.336
1877,5,-0.315,,-0.329,-0.322,-0.336
1877,6,-0.371,,-0.329,-0.322,-0.336
1877,7,-0.329,,-0.328,-0.321,-0.335
1877,8,-0.27,,-0.328,-0.321,-0.335
1877,9,-0.324,,-0.328,-0.321,-0.335
1877,10,-0.277,,-0.328,-0.321,-0.335
1877,11,-0.231,,-0.327,-0.321,-0.334
1877,12,-0.302,,-0.327,-0.32,-0.334
1878,1,-0.277,,-0.327,-0.32,-0.334
1878,2,-0.134,,-0.327,-0.32,-0.334
1878,3,-0.255,,-0.326,-0.32,-0.333
1878,4,-0.218,,-0.326,-0.319,-0.333
1878,5,-0.245,,-0.326,-0.319,-0.333
1878,6,-0.283,,-0.326,-0.319,-0.333
1878,7,-0.314,,-0.326,-0.319,-0.332
1878,8,-0.276,,-0.325,-0.318,-0.332
1878,9,-0.306,,-0.325,-0.318,-0.332
1878,10,-0.314,,-0.325,-0.318,-0.332
1878,11,-0.362,,-0.325,-0.318,-0.331
1878,12,-0.232,,-0.324,-0.317,-0.331
1879,1,,,-0.324,-0.317,-0.331
1879,2,,,-0.324,-0.317,-0.331
1879,3,,,-0.324,-0.317,-0.33
1879,4,,,-0.323,-0.317,-0.33
1879,5,,,-0.323,-0.316,-0.33
1879,6,,,-0.323,-0.316,-0.33
1879,7,,,-0.323,-0.316,-0.329
1879,8,,,-0.322,-0.316,-0.329
1879,9,,,-0.322,-0.315,-0.329
1879,10,,,-0.322,-0.315,-0.329
1879,11,,,-0.322,-0.315,-0.329
1879,12,,,-0.321,-0.315,-0.328
1880,1,,,-0.321,-0.314,-0.328
1880,2,,,-0.321,-0.314,-0.328
1880,3,,,-0.321,-0.314,-0.328
1880,4,,,-0.321,-0.314,-0.327
1880,5,,,-0.32,-0.314,-0.327
1880,6,,,-0.32,-0.313,-0.327
1880,7,,,-0.32,-0.313,-0.327
1880,8,,,-0.32,-0.313,-0.326
1880,9,,,-0.319,-0.313,-0.326
1880,10,,,-0.319,-0.312,-0.326
1880,11,,,-0.319,-0.312,-0.326
1880,12,,,-0.319,-0.312,-0.325
1881,1,,,-0.318,-0.312,-0.325
1881,2,,,-0.318,-0.311,-0.325
1881,3,,,-0.318,-0.311,-0.325
1881,4,,,-0.318,-0.311,-0.324
1881,5,,,-0.317,-0.311,-0.324
1881,6,,,-0.317,-0.31,-0.324
1881,7,,,-0.317,-0.31,-0.324
1881,8,,,-0.317,-0.31,-0.323
1881,9,,,-0.316,-0.31,-0.323
1881,10,,,-0.316,-0.31,-0.323
1881,11,,,-0.316,-0.309,-0.323
1881,12,,,-0.316,-0.309,-0.322
1882,1,,,-0.315,-0.309,-0.322
1882,2,,,-0.315,-0.309,-0.322
1882,3,,,-0.315,-0.308,-0.322
1882,4,,,-0.315,-0.308,-0.321
1882,5,,,-0.315,-0.308,-0.321
1882,6,,,-0.314,-0.308,-0.321
1882,7,,,-0.314,-0.307,-0.321
1882,8,,,-0.314,-0.307,-0.32
1882,9,,,-0.314,-0.307,-0.32
1882,10,,,-0.313,-0.307,-0.32
1882,11,,,-0.313,-0.307,-0.32
1882,12,,,-0.313,-0.306,-0.319
1883,1,,,-0.313,-0.306,-0.319
1883,2,,,-0.312,-0.306,-0.319
1883,3,,,-0.312,-0.306,-0.319
1883,4,,,-0.312,-0.305,-0.318
1883,5,,,-0.312,-0.305,-0.318
1883,6,,,-0.311,-0.305,-0.318
1883,7,,,-0.311,-0.305,-0.318
1883,8,,,-0.311,-0.304,-0.317
1883,9,,,-0.311,-0.304,-0.317
1883,10,,,-0.31,-0.304,-0.317
1883,11,,,-0.31,-0.304,-0.317
1883,12,,,-0.31,-0.303,-0.317
1884,1,,,-0.31,-0.303,-0.316
1884,2,,,-0.31,-0.303,-0.316
1884,3,,,-0.309,-0.303,-0.316
1884,4,,,-0.309,-0.303,-0.316
1884,5,,,-0.309,-0.302,-0.315
1884,6,,,-0.309,-0.302,-0.315
1884,7,,,-0.308,-0.302,-0.315
1884,8,,,-0.308,-0.302,-0.315
1884,9,,,-0.308,-0.301,-0.314
1884,10,,,-0.308,-0.301,-0.314
1884,11,,,-0.307,-0.301,-0.314
1884,12,,,-0.307,-0.301,-0.314
1885,1,,,-0.307,-0.3,-0.313
1885,2,,,-0.307,-0.3,-0.313
1885,3,,,-0.306,-0.3,-0.313
1885,4,,,-0.306,-0.3,-0.313
1885,5,,,-0.306,-0.3,-0.312
1885,6,,,-0.306,-0.299,-0.312
1885,7,,,-0.305,-0.299,-0.312
1885,8,,,-0.305,-0.299,-0.312
1885,9,,,-0.305,-0.299,-0.311
1885,10,,,-0.305,-0.298,-0.311
1885,11,,,-0.305,-0.298,-0.311
1885,12,,,-0.304,-0.298,-0.311
1886,1,,,-0.304,-0.298,-0.31
1886,2,,,-0.304,-0.297,-0.31
1886,3,,,-0.304,-0.297,-0.31
1886,4,,,-0.303,-0.297,-0.31
1886,5,,,-0.303,-0.297,-0.309
1886,6,,,-0.303,-0.296,-0.309
1886,7,,,-0.303,-0.296,-0.309
1886,8,,,-0.302,-0.296,-0.309
1886,9,,,-0.302,-0.296,-0.308
1886,10,,,-0.302,-0.296,-0.308
1886,11,,,-0.302,-0.295,-0.308
1886,12,,,-0.301,-0.295,-0.308
1887,1,,,-0.301,-0.295,-0.307
1887,2,,,-0.301,-0.295,-0.307
1887,3,,,-0.301,-0.294,-0.307
1887,4,,,-0.3,-0.294,-0.307
1887,5,,,-0.3,-0.294,-0.306
1887,6,,,-0.3,-0.294,-0.306
1887,7,,,-0.3,-0.293,-0.306
1887,8,,,-0.299,-0.293,-0.306
1887,9,,,-0.299,-0.293,-0.306
1887,10,,,-0.299,-0.293,-0.305
1887,11,,,-0.299,-0.293,-0.305
1887,12,,,-0.299,-0.292,-0.305
1888,1,,,-0.298,-0.292,-0.305
1888,2,,,-0.298,-0.292,-0.304
1888,3,,,-0.298,-0.292,-0.304
1888,4,,,-0.298,-0.291,-0.304
1888,5,,,-0.297,-0.291,-0.304
1888,6,,,-0.297,-0.291,-0.303
1888,7,,,-0.297,-0.291,-0.303
1888,8,,,-0.297,-0.29,-0.303
1888,9,,,-0.296,-0.29,-0.303
1888,10,,,-0.296,-0.29,-0.302
1888,11,,,-0.296,-0.29,-0.302
1888,12,,,-0.296,-0.289,-0.302
1889,1,,,-0.295,-0.289,-0.302
1889,2,,,-0.295,-0.289,-0.301
1889,3,,,-0.295,-0.289,-0.301
1889,4,,,-0.295,-0.289,-0.301
1889,5,,,-0.294,-0.288,-0.301
1889,6,,,-0.294,-0.288,-0.3
1889,7,,,-0.294,-0.288,-0.3
1889,8,,,-0.294,-0.288,-0.3
1889,9,,,-0.294,-0.287,-0.3
1889,10,,,-0.293,-0.287,-0.299
1889,11,,,-0.293,-0.287,-0.299
1889,12,,,-0.293,-0.287,-0.299
1890,1,,,-0.293,-0.286,-0.299
1890,2,,,-0.292,-0.286,-0.298
1890,3,,,-0.292,-0.286,-0.298
1890,4,,,-0.292,-0.286,-0.298
1890,5,,,-0.292,-0.286,-0.298
1890,6,,,-0.291,-0.285,-0.297
1890,7,,,-0.291,-0.285,-0.297
1890,8,,,-0.291,-0.285,-0.297
1890,9,,,-0.291,-0.285,-0.297
1890,10,,,-0.29,-0.284,-0.296
1890,11,,,-0.29,-0.284,-0.296
1890,12,,,-0.29,-0.284,-0.296
1891,1,,,-0.29,-0.284,-0.296
1891,2,,,-0.289,-0.283,-0.295
1891,3,,,-0.289,-0.283,-0.295
1891,4,,,-0.289,-0.283,-0.295
1891,5,,,-0.289,-0.283,-0.295
1891,6,,,-0.288,-0.282,-0.295
1891,7,,,-0.288,-0.282,-0.294
1891,8,,,-0.288,-0.282,-0.294
1891,9,,,-0.288,-0.282,-0.294
1891,10,,,-0.288,-0.282,-0.294
1891,11,,,-0.287,-0.281,-0.293
1891,12,,,-0.287,-0.281,-0.293
1892,1,,,-0.287,-0.281,-0.293
1892,2,,,-0.287,-0.281,-0.293
1892,3,,,-0.286,-0.28,-0.292
1892,4,,,-0.286,-0.28,-0.292
1892,5,,,-0.286,-0.28,-0.292
1892,6,,,-0.286,-0.28,-0.292
1892,7,,,-0.285,-0.279,-0.291
1892,8,,,-0.285,-0.279,-0.291
1892,9,,,-0.285,-0.279,-0.291
1892,10,,,-0.285,-0.279,-0.291
1892,11,,,-0.284,-0.279,-0.29
1892,12,,,-0.284,-0.278,-0.29
1893,1,-0.255,,-0.284,-0.278,-0.29
1893,2,-0.372,,-0.284,-0.278,-0.29
1893,3,-0.276,,-0.283,-0.278,-0.289
1893,4,-0.258,,-0.283,-0.277,-0.289
1893,5,-0.264,,-0.283,-0.277,-0.289
1893,6,-0.237,,-0.283,-0.277,-0.289
1893,7,-0.305,,-0.283,-0.277,-0.288
1893,8,-0.246,,-0.282,-0.276,-0.288
1893,9,-0.306,,-0.282,-0.276,-0.288
1893,10,-0.256,,-0.282,-0.276,-0.288
1893,11,-0.273,,-0.282,-0.276,-0.287
1893,12,-0.356,,-0.281,-0.275,-0.287
1894,1,-0.182,,-0.281,-0.275,-0.287
1894,2,-0.266,,-0.281,-0.275,-0.287
1894,3,-0.282,,-0.281,-0.275,-0.286
1894,4,-0.182,,-0.28,-0.275,-0.286
1894,5,-0.245,,-0.28,-0.274,-0.286
1894,6,-0.319,,-0.28,-0.274,-0.286
1894,7,-0.308,,-0.28,-0.274,-0.285
1894,8,-0.295,,-0.279,-0.274,-0.285
1894,9,-0.278,,-0.279,-0.273,-0.285
1894,10,-0.271,,-0.279,-0.273,-0.285
1894,11,-0.389,,-0.279,-0.273,-0.285
1894,12,-0.241,,-0.278,-0.273,-0.284
1895,1,-0.31,,-0.278,-0.272,-0.284
1895,2,-0.384,,-0.278,-0.272,-0.284
1895,3,-0.383,,-0.278,-0.272,-0.284
1895,4,-0.27,,-0.278,-0.272,-0.283
1895,5,-0.315,,-0.277,-0.272,-0.283
1895,6,-0.258,,-0.277,-0.271,-0.283
1895,7,-0.256,,-0.277,-0.271,-0.283
1895,8,-0.307,,-0.277,-0.271,-0.282
1895,9,-0.29,,-0.276,-0.271,-0.282
1895,10,-0.311,,-0.276,-0.27,-0.282
1895,11,-0.285,,-0.276,-0.27,-0.282
1895,12,-0.177,,-0.276,-0.27,-0.281
1896,1,-0.197,,-0.275,-0.27,-0.281
1896,2,-0.311,,-0.275,-0.269,-0.281
1896,3,-0.431,,-0.275,-0.269,-0.281
1896,4,-0.31,,-0.275,-0.269,-0.28
1896,5,-0.254,,-0.274,-0.269,-0.28
1896,6,-0.277,,-0.274,-0.268,-0.28
1896,7,-0.308,,-0.274,-0.268,-0.28
1896,8,-0.282,,-0.274,-0.268,-0.279
1896,9,-0.263,,-0.273,-0.268,-0.279
1896,10,-0.183,,-0.273,-0.268,-0.279
1896,11,-0.255,,-0.273,-0.267,-0.279
1896,12,-0.18,,-0.273,-0.267,-0.278
1897,1,-0.301,,-0.272,-0.267,-0.278
1897,2,-0.147,,-0.272,-0.267,-0.278
1897,3,-0.285,,-0.272,-0.266,-0.278
1897,4,-0.34,,-0.272,-0.266,-0.277
1897,5,-0.27,,-0.272,-0.266,-0.277
1897,6,-0.237,,-0.271,-0.266,-0.277
1897,7,-0.192,,-0.271,-0.265,-0.277
1897,8,-0.215,,-0.271,-0.265,-0.276
1897,9,-0.248,,-0.271,-0.265,-0.276
1897,10,-0.162,,-0.27,-0.265,-0.276
1897,11,-0.316,,-0.27,-0.264,-0.276
1897,12,-0.271,,-0.27,-0.264,-0.275
1898,1,-0.24,,-0.27,-0.264,-0.275
1898,2,-0.232,,-0.269,-0.264,-0.275
1898,3,-0.267,,-0.269,-0.264,-0.275
1898,4,-0.194,,-0.269,-0.263,-0.274
1898,5,-0.172,,-0.269,-0.263,-0.274
1898,6,-0.243,,-0.268,-0.263,-0.274
1898,7,-0.238,,-0.268,-0.263,-0.274
1898,8,-0.276,,-0.268,-0.262,-0.274
1898,9,-0.275,,-0.268,-0.262,-0.273
1898,10,-0.223,,-0.267,-0.262,-0.273
1898,11,-0.246,,-0.267,-0.262,-0.273
1898,12,-0.314,,-0.267,-0.261,-0.273
1899,1,-0.31,,-0.267,-0.261,-0.272
1899,2,-0.25,,-0.267,-0.261,-0.272
1899,3,-0.203,,-0.266,-0.261,-0.272
1899,4,-0.258,,-0.266,-0.261,-0.272
1899,5,-0.212,,-0.266,-0.26,-0.271
1899,6,-0.283,,-0.266,-0.26,-0.271
1899,7,-0.287,,-0.265,-0.26,-0.271
1899,8,-0.209,,-0.265,-0.26,-0.271
1899,9,-0.242,,-0.265,-0.259,-0.27
1899,10,-0.271,,-0.265,-0.259,-0.27
1899,11,-0.185,,-0.264,-0.259,-0.27
1899,12,-0.244,,-0.264,-0.259,-0.27
1900,1,-0.371,,-0.264,-0.258,-0.269
1900,2,-0.339,,-0.264,-0.258,-0.269
1900,3,-0.337,,-0.263,-0.258,-0.269
1900,4,-0.325,,-0.263,-0.258,-0.269
1900,5,-0.267,,-0.263,-0.257,-0.268
1900,6,-0.246,,-0.263,-0.257,-0.268
1900,7,-0.275,,-0.262,-0.257,-0.268
1900,8,-0.24,,-0.262,-0.257,-0.268
1900,9,-0.266,,-0.262,-0.257,-0.267
1900,10,-0.244,,-0.262,-0.256,-0.267
1900,11,-0.285,,-0.262,-0.256,-0.267
1900,12,-0.253,,-0.261,-0.256,-0.267
1901,1,-0.194,,-0.261,-0.256,-0.266
1901,2,-0.43,,-0.261,-0.255,-0.266
1901,3,-0.279,,-0.261,-0.255,-0.266
1901,4,-0.09,,-0.26,-0.255,-0.266
1901,5,-0.16,,-0.26,-0.255,-0.265
1901,6,-0.206,,-0.26,-0.254,-0.265
1901,7,-0.198,,-0.26,-0.254,-0.265
1901,8,-0.191,,-0.259,-0.254,-0.265
1901,9,-0.175,,-0.259,-0.254,-0.264
1901,10,-0.293,,-0.259,-0.253,-0.264
1901,11,-0.218,,-0.259,-0.253,-0.264
1901,12,-0.195,,-0.258,-0.253,-0.264
1902,1,-0.249,,-0.258,-0.253,-0.264
1902,2,-0.208,,-0.258,-0.253,-0.263
1902,3,-0.166,,-0.258,-0.252,-0.263
1902,4,-0.227,,-0.257,-0.252,-0.263
1902,5,-0.285,,-0.257,-0.252,-0.263
1902,6,-0.258,,-0.257,-0.252,-0.262
1902,7,-0.208,,-0.257,-0.251,-0.262
1902,8,-0.209,,-0.256,-0.251,-0.262
1902,9,-0.19,,-0.256,-0.251,-0.262
1902,10,-0.189,,-0.256,-0.251,-0.261
1902,11,-0.136,,-0.256,-0.25,-0.261
1902,12,-0.155,,-0.256,-0.25,-0.261
1903,1,-0.289,,-0.255,-0.25,-0.261
1903,2,-0.357,,-0.255,-0.25,-0.26
1903,3,-0.23,,-0.255,-0.25,-0.26
1903,4,-0.133,,-0.255,-0.249,-0.26
1903,5,-0.245,,-0.254,-0.249,-0.26
1903,6,-0.115,,-0.254,-0.249,-0.259
1903,7,-0.217,,-0.254,-0.249,-0.259
1903,8,-0.188,,-0.254,-0.248,-0.259
1903,9,-0.242,,-0.253,-0.248,-0.259
1903,10,-0.122,,-0.253,-0.248,-0.258
1903,11,-0.252,,-0.253,-0.248,-0.258
1903,12,-0.335,,-0.253,-0.247,-0.258
1904,1,-0.261,,-0.252,-0.247,-0.258
1904,2,-0.366,,-0.252,-0.247,-0.257
1904,3,-0.288,,-0.252,-0.247,-0.257
1904,4,-0.282,,-0.252,-0.246,-0.257
1904,5,-0.27,,-0.251,-0.246,-0.257
1904,6,-0.225,,-0.251,-0.246,-0.256
1904,7,-0.25,,-0.251,-0.246,-0.256
1904,8,-0.292,,-0.251,-0.246,-0.256
1904,9,-0.278,,-0.251,-0.245,-0.256
1904,10,-0.287,,-0.25,-0.245,-0.255
1904,11,-0.237,,-0.25,-0.245,-0.255
1904,12,-0.25,,-0.25,-0.245,-0.255
1905,1,-0.255,,-0.25,-0.244,-0.255
1905,2,-0.366,,-0.249,-0.244,-0.255
1905,3,-0.31,,-0.249,-0.244,-0.254
1905,4,-0.304,,-0.249,-0.244,-0.254
1905,5,-0.328,,-0.249,-0.243,-0.254
1905,6,-0.273,,-0.248,-0.243,-0.254
1905,7,-0.265,,-0.248,-0.243,-0.253
1905,8,-0.234,,-0.248,-0.243,-0.253
1905,9,-0.269,,-0.248,-0.242,-0.253
1905,10,-0.296,,-0.247,-0.242,-0.253
1905,11,-0.31,,-0.247,-0.242,-0.252
1905,12,-0.222,,-0.247,-0.242,-0.252
1906,1,-0.182,,-0.247,-0.242,-0.252
1906,2,-0.275,,-0.246,-0.241,-0.252
1906,3,-0.355,,-0.246,-0.241,-0.251
1906,4,-0.267,,-0.246,-0.241,-0.251
1906,5,-0.294,,-0.246,-0.241,-0.251
1906,6,-0.219,,-0.245,-0.24,-0.251
1906,7,-0.208,,-0.245,-0.24,-0.25
1906,8,-0.215,,-0.245,-0.24,-0.25
1906,9,-0.251,,-0.245,-0.24,-0.25
1906,10,-0.198,,-0.245,-0.239,-0.25
1906,11,-0.276,,-0.244,-0.239,-0.249
1906,12,-0.286,,-0.244,-0.239,-0.249
1907,1,-0.277,,-0.244,-0.239,-0.249
1907,2,-0.317,,-0.244,-0.238,-0.249
1907,3,-0.273,,-0.243,-0.238,-0.248
1907,4,-0.267,,-0.243,-0.238,-0.248
1907,5,-0.291,,-0.243,-0.238,-0.248
1907,6,-0.225,,-0.243,-0.238,-0.248
1907,7,-0.256,,-0.242,-0.237,-0.247
1907,8,-0.276,,-0.242,-0.237,-0.247
1907,9,-0.297,,-0.242,-0.237,-0.247
1907,10,-0.311,,-0.242,-0.237,-0.247
1907,11,-0.212,,-0.241,-0.236,-0.246
1907,12,-0.21,,-0.241,-0.236,-0.246
1908,1,-0.274,,-0.241,-0.236,-0.246
1908,2,-0.323,,-0.241,-0.236,-0.246
1908,3,-0.313,,-0.24,-0.235,-0.246
1908,4,-0.383,,-0.24,-0.235,-0.245
1908,5,-0.261,,-0.24,-0.235,-0.245
1908,6,-0.27,,-0.24,-0.235,-0.245
1908,7,-0.262,,-0.24,-0.235,-0.245
1908,8,-0.173,,-0.239,-0.234,-0.244
1908,9,-0.226,,-0.239,-0.234,-0.244
1908,10,-0.18,,-0.239,-0.234,-0.244
1908,11,-0.359,,-0.239,-0.234,-0.244
1908,12,-0.289,,-0.238,-0.233,-0.243
1909,1,-0.219,,-0.238,-0.233,-0.243
1909,2,-0.256,,-0.238,-0.233,-0.243
1909,3,-0.279,,-0.238,-0.233,-0.243
1909,4,-0.313,,-0.237,-0.232,-0.242
1909,5,-0.178,,-0.237,-0.232,-0.242
1909,6,-0.24,,-0.237,-0.232,-0.242
1909,7,-0.244,,-0.237,-0.232,-0.242
1909,8,-0.188,,-0.236,-0.231,-0.241
1909,9,-0.22,,-0.236,-0.231,-0.241
1909,10,-0.305,,-0.236,-0.231,-0.241
1909,11,-0.224,,-0.236,-0.231,-0.241
1909,12,-0.168,,-0.235,-0.231,-0.24
1910,1,-0.173,,-0.235,-0.23,-0.24
1910,2,-0.25,,-0.235,-0.23,-0.24
1910,3,-0.227,,-0.235,-0.23,-0.24
1910,4,-0.157,,-0.235,-0.23,-0.239
1910,5,-0.233,,-0.234,-0.229,-0.239
1910,6,-0.2,,-0.234,-0.229,-0.239
1910,7,-0.211,,-0.234,-0.229,-0.239
1910,8,-0.27,,-0.234,-0.229,-0.238
1910,9,-0.211,,-0.233,-0.228,-0.238
1910,10,-0.253,,-0.233,-0.228,-0.238
1910,11,-0.197,,-0.233,-0.228,-0.238
1910,12,-0.216,,-0.233,-0.228,-0.237
1911,1,-0.274,,-0.232,-0.227,-0.237
1911,2,-0.162,,-0.232,-0.227,-0.237
1911,3,-0.297,,-0.232,-0.227,-0.237
1911,4,-0.243,,-0.232,-0.227,-0.237
1911,5,-0.257,,-0.231,-0.227,-0.236
1911,6,-0.197,,-0.231,-0.226,-0.236
1911,7,-0.272,,-0.231,-0.226,-0.236
1911,8,-0.243,,-0.231,-0.226,-0.236
1911,9,-0.169,,-0.23,-0.226,-0.235
1911,10,-0.156,,-0.23,-0.225,-0.235
1911,11,-0.31,,-0.23,-0.225,-0.235
1911,12,-0.232,,-0.23,-0.225,-0.235
1912,1,-0.341,,-0.229,-0.225,-0.234
1912,2,-0.314,,-0.229,-0.224,-0.234
1912,3,-0.294,,-0.229,-0.224,-0.234
1912,4,-0.31,,-0.229,-0.224,-0.234
1912,5,-0.27,,-0.229,-0.224,-0.233
1912,6,-0.307,,-0.228,-0.223,-0.233
1912,7,-0.302,,-0.228,-0.223,-0.233
1912,8,-0.264,,-0.228,-0.223,-0.233
1912,9,-0.202,,-0.228,-0.223,-0.232
1912,10,-0.259,,-0.227,-0.223,-0.232
1912,11,-0.264,,-0.227,-0.222,-0.232
1912,12,-0.326,,-0.227,-0.222,-0.232
1913,1,-0.274,,-0.227,-0.222,-0.231
1913,2,-0.33,,-0.226,-0.222,-0.231
1913,3,-0.41,,-0.226,-0.221,-0.231
1913,4,-0.273,,-0.226,-0.221,-0.231
1913,5,-0.264,,-0.226,-0.221,-0.23
1913,6,-0.277,,-0.225,-0.221,-0.23
1913,7,-0.287,,-0.225,-0.22,-0.23
1913,8,-0.24,,-0.225,-0.22,-0.23
1913,9,-0.26,,-0.225,-0.22,-0.229
1913,10,-0.159,,-0.224,-0.22,-0.229
1913,11,-0.24,,-0.224,-0.219,-0.229
1913,12,-0.25,,-0.224,-0.219,-0.229
1914,1,-0.124,,-0.224,-0.219,-0.228
1914,2,-0.293,,-0.224,-0.219,-0.228
1914,3,-0.249,,-0.223,-0.219,-0.228
1914,4,-0.246,,-0.223,-0.218,-0.228
1914,5,-0.23,,-0.223,-0.218,-0.228
1914,6,-0.264,,-0.223,-0.218,-0.227
1914,7,-0.214,,-0.222,-0.218,-0.227
1914,8,-0.261,,-0.222,-0.217,-0.227
1914,9,-0.251,,-0.222,-0.217,-0.227
1914,10,-0.21,,-0.222,-0.217,-0.226
1914,11,-0.295,,-0.221,-0.217,-0.226
1914,12,-0.171,,-0.221,-0.216,-0.226
1915,1,-0.164,,-0.221,-0.216,-0.226
1915,2,-0.144,,-0.221,-0.216,-0.225
1915,3,-0.224,,-0.22,-0.216,-0.225
1915,4,-0.301,,-0.22,-0.215,-0.225
1915,5,-0.254,,-0.22,-0.215,-0.225
1915,6,-0.225,,-0.22,-0.215,-0.224
1915,7,-0.198,,-0.219,-0.215,-0.224
1915,8,-0.17,,-0.219,-0.215,-0.224
1915,9,-0.269,,-0.219,-0.214,-0.224
1915,10,-0.21,,-0.219,-0.214,-0.223
1915,11,-0.228,,-0.218,-0.214,-0.223
1915,12,-0.241,,-0.218,-0.214,-0.223
1916,1,-0.249,,-0.218,-0.213,-0.223
1916,2,-0.241,,-0.218,-0.213,-0.222
1916,3,-0.218,,-0.218,-0.213,-0.222
1916,4,-0.145,,-0.217,-0.213,-0.222
1916,5,-0.221,,-0.217,-0.212,-0.222
1916,6,-0.158,,-0.217,-0.212,-0.221
1916,7,-0.256,,-0.217,-0.212,-0.221
1916,8,-0.215,,-0.216,-0.212,-0.221
1916,9,-0.233,,-0.216,-0.211,-0.221
1916,10,-0.247,,-0.216,-0.211,-0.22
1916,11,-0.246,,-0.216,-0.211,-0.22
1916,12,-0.338,,-0.215,-0.211,-0.22
1917,1,-0.277,,-0.215,-0.211,-0.22
1917,2,-0.272,,-0.215,-0.21,-0.22
1917,3,-0.209,,-0.215,-0.21,-0.219
1917,4,-0.246,,-0.214,-0.21,-0.219
1917,5,-0.145,,-0.214,-0.21,-0.219
1917,6,-0.219,,-0.214,-0.209,-0.219
1917,7,-0.198,,-0.214,-0.209,-0.218
1917,8,-0.206,,-0.213,-0.209,-0.218
1917,9,-0.226,,-0.213,-0.209,-0.218
1917,10,-0.217,,-0.213,-0.208,-0.218
1917,11,-0.221,,-0.213,-0.208,-0.217
1917,12,-0.225,,-0.213,-0.208,-0.217
1918,1,-0.176,,-0.212,-0.208,-0.217
1918,2,-0.202,,-0.212,-0.207,-0.217
1918,3,-0.182,,-0.212,-0.207,-0.216
1918,4,-0.169,,-0.212,-0.207,-0.216
1918,5,-0.34,,-0.211,-0.207,-0.216
1918,6,-0.234,,-0.211,-0.207,-0.216
1918,7,-0.226,,-0.211,-0.206,-0.215
1918,8,-0.243,,-0.211,-0.206,-0.215
1918,9,-0.281,,-0.21,-0.206,-0.215
1918,10,-0.299,,-0.21,-0.206,-0.215
1918,11,-0.237,,-0.21,-0.205,-0.214
1918,12,-0.125,,-0.21,-0.205,-0.214
1919,1,-0.237,,-0.209,-0.205,-0.214
1919,2,-0.186,,-0.209,-0.205,-0.214
1919,3,-0.182,,-0.209,-0.204,-0.213
1919,4,-0.218,,-0.209,-0.204,-0.213
1919,5,-0.142,,-0.208,-0.204,-0.213
1919,6,-0.164,,-0.208,-0.204,-0.213
1919,7,-0.198,,-0.208,-0.203,-0.212
1919,8,-0.139,,-0.208,-0.203,-0.212
1919,9,-0.196,,-0.208,-0.203,-0.212
1919,10,-0.156,,-0.207,-0.203,-0.212
1919,11,-0.09,,-0.207,-0.203,-0.212
1919,12,-0.201,,-0.207,-0.202,-0.211
1920,1,,,-0.207,-0.202,-0.211
1920,2,,,-0.206,-0.202,-0.211
1920,3,,,-0.206,-0.202,-0.211
1920,4,,,-0.206,-0.201,-0.21
1920,5,,,-0.206,-0.201,-0.21
1920,6,-0.152,,-0.205,-0.201,-0.21
1920,7,-0.211,,-0.205,-0.201,-0.21
1920,8,-0.182,,-0.205,-0.2,-0.209
1920,9,-0.196,,-0.205,-0.2,-0.209
1920,10,-0.183,,-0.204,-0.2,-0.209
1920,11,-0.16,,-0.204,-0.2,-0.209
1920,12,-0.125,,-0.204,-0.199,-0.208
1921,1,-0.197,,-0.204,-0.199,-0.208
1921,2,-0.074,,-0.203,-0.199,-0.208
1921,3,-0.2,,-0.203,-0.199,-0.208
1921,4,-0.154,,-0.203,-0.199,-0.207
1921,5,-0.065,,-0.203,-0.198,-0.207
1921,6,-0.173,,-0.202,-0.198,-0.207
1921,7,-0.171,,-0.202,-0.198,-0.207
1921,8,-0.225,,-0.202,-0.198,-0.206
1921,9,-0.196,,-0.202,-0.197,-0.206
1921,10,-0.274,,-0.202,-0.197,-0.206
1921,11,-0.145,,-0.201,-0.197,-0.206
1921,12,-0.207,,-0.201,-0.197,-0.205
1922,1,-0.268,,-0.201,-0.196,-0.205
1922,2,-0.202,,-0.201,-0.196,-0.205
1922,3,-0.215,,-0.2,-0.196,-0.205
1922,4,-0.24,,-0.2,-0.196,-0.205
1922,5,-0.224,,-0.2,-0.195,-0.204
1922,6,-0.209,,-0.2,-0.195,-0.204
1922,7,-0.198,,-0.199,-0.195,-0.204
1922,8,-0.221,,-0.199,-0.195,-0.204
1922,9,-0.211,,-0.199,-0.195,-0.203
1922,10,-0.22,,-0.199,-0.194,-0.203
1922,11,-0.221,,-0.198,-0.194,-0.203
1922,12,-0.186,,-0.198,-0.194,-0.203
1923,1,-0.164,,-0.198,-0.194,-0.202
1923,2,-0.22,,-0.198,-0.193,-0.202
1923,3,-0.236,,-0.197,-0.193,-0.202
1923,4,-0.209,,-0.197,-0.193,-0.202
1923,5,-0.236,,-0.197,-0.193,-0.201
1923,6,-0.231,,-0.197,-0.192,-0.201
1923,7,-0.217,,-0.197,-0.192,-0.201
1923,8,-0.234,,-0.196,-0.192,-0.201
1923,9,-0.248,,-0.196,-0.192,-0.2
1923,10,-0.204,,-0.196,-0.191,-0.2
1923,11,-0.136,,-0.196,-0.191,-0.2
1923,12,-0.198,,-0.195,-0.191,-0.2
1924,1,-0.289,,-0.195,-0.191,-0.199
1924,2,-0.11,,-0.195,-0.191,-0.199
1924,3,-0.069,,-0.195,-0.19,-0.199
1924,4,-0.203,,-0.194,-0.19,-0.199
1924,5,-0.145,,-0.194,-0.19,-0.198
1924,6,-0.203,,-0.194,-0.19,-0.198
1924,7,-0.232,,-0.194,-0.189,-0.198
1924,8,-0.197,,-0.193,-0.189,-0.198
1924,9,-0.223,,-0.193,-0.189,-0.197
1924,10,-0.223,,-0.193,-0.189,-0.197
1924,11,-0.237,,-0.193,-0.188,-0.197
1924,12,-0.314,,-0.192,-0.188,-0.197
1925,1,-0.112,,-0.192,-0.188,-0.197
1925,2,-0.195,,-0.192,-0.188,-0.196
1925,3,-0.279,,-0.192,-0.187,-0.196
1925,4,-0.224,,-0.191,-0.187,-0.196
1925,5,-0.236,,-0.191,-0.187,-0.196
1925,6,-0.246,,-0.191,-0.187,-0.195
1925,7,-0.223,,-0.191,-0.186,-0.195
1925,8,-0.24,,-0.191,-0.186,-0.195
1925,9,-0.199,,-0.19,-0.186,-0.195
1925,10,-0.287,,-0.19,-0.186,-0.194
1925,11,-0.261,,-0.19,-0.186,-0.194
1925,12,-0.256,,-0.19,-0.185,-0.194
1926,1,-0.301,,-0.189,-0.185,-0.194
1926,2,-0.168,,-0.189,-0.185,-0.193
1926,3,-0.306,,-0.189,-0.185,-0.193
1926,4,-0.285,,-0.189,-0.184,-0.193
1926,5,-0.248,,-0.188,-0.184,-0.193
1926,6,-0.246,,-0.188,-0.184,-0.192
1926,7,-0.226,,-0.188,-0.184,-0.192
1926,8,-0.17,,-0.188,-0.183,-0.192
1926,9,-0.175,,-0.187,-0.183,-0.192
1926,10,-0.207,,-0.187,-0.183,-0.191
1926,11,-0.267,,-0.187,-0.183,-0.191
1926,12,-0.195,,-0.187,-0.182,-0.191
1927,1,-0.289,,-0.186,-0.182,-0.191
1927,2,-0.119,,-0.186,-0.182,-0.19
1927,3,-0.16,,-0.186,-0.182,-0.19
1927,4,-0.237,,-0.186,-0.182,-0.19
1927,5,-0.2,,-0.186,-0.181,-0.19
1927,6,-0.209,,-0.185,-0.181,-0.19
1927,7,-0.235,,-0.185,-0.181,-0.189
1927,8,-0.164,,-0.185,-0.181,-0.189
1927,9,-0.217,,-0.185,-0.18,-0.189
1927,10,-0.189,,-0.184,-0.18,-0.189
1927,11,-0.2,,-0.184,-0.18,-0.188
1927,12,-0.149,,-0.184,-0.18,-0.188
1928,1,-0.313,,-0.184,-0.179,-0.188
1928,2,-0.253,,-0.183,-0.179,-0.188
1928,3,-0.249,,-0.183,-0.179,-0.187
1928,4,-0.285,,-0.183,-0.179,-0.187
1928,5,-0.218,,-0.183,-0.178,-0.187
1928,6,-0.2,,-0.182,-0.178,-0.187
1928,7,-0.201,,-0.182,-0.178,-0.186
1928,8,-0.17,,-0.182,-0.178,-0.186
1928,9,-0.175,,-0.182,-0.178,-0.186
1928,10,-0.287,,-0.181,-0.177,-0.186
1928,11,-0.301,,-0.181,-0.177,-0.185
1928,12,-0.286,,-0.181,-0.177,-0.185
1929,1,-0.371,,-0.181,-0.177,-0.185
1929,2,-0.159,,-0.181,-0.176,-0.185
1929,3,-0.215,,-0.18,-0.176,-0.184
1929,4,-0.112,,-0.18,-0.176,-0.184
1929,5,-0.297,,-0.18,-0.176,-0.184
1929,6,-0.188,,-0.18,-0.175,-0.184
1929,7,-0.238,,-0.179,-0.175,-0.183
1929,8,-0.234,,-0.179,-0.175,-0.183
1929,9,-0.208,,-0.179,-0.175,-0.183
1929,10,-0.274,,-0.179,-0.174,-0.183
1929,11,-0.228,,-0.178,-0.174,-0.183
1929,12,-0.228,,-0.178,-0.174,-0.182
1930,1,-0.216,,-0.178,-0.174,-0.182
1930,2,-0.208,,-0.178,-0.173,-0.182
1930,3,-0.273,,-0.177,-0.173,-0.182
1930,4,-0.313,,-0.177,-0.173,-0.181
1930,5,-0.276,,-0.177,-0.173,-0.181
1930,6,-0.289,,-0.177,-0.173,-0.181
1930,7,-0.232,,-0.176,-0.172,-0.181
1930,8,-0.203,,-0.176,-0.172,-0.18
1930,9,-0.229,,-0.176,-0.172,-0.18
1930,10,-0.162,,-0.176,-0.172,-0.18
1930,11,-0.301,,-0.175,-0.171,-0.18
1930,12,-0.195,,-0.175,-0.171,-0.179
1931,1,-0.234,,-0.175,-0.171,-0.179
1931,2,-0.211,,-0.175,-0.171,-0.179
1931,3,-0.038,,-0.175,-0.17,-0.179
1931,4,-0.237,,-0.174,-0.17,-0.178
1931,5,-0.221,,-0.174,-0.17,-0.178
1931,6,-0.17,,-0.174,-0.17,-0.178
1931,7,-0.15,,-0.174,-0.169,-0.178
1931,8,-0.157,,-0.173,-0.169,-0.177
1931,9,-0.196,,-0.173,-0.169,-0.177
1931,10,-0.22,,-0.173,-0.169,-0.177
1931,11,-0.27,,-0.173,-0.169,-0.177
1931,12,-0.25,,-0.172,-0.168,-0.177
1932,1,-0.121,,-0.172,-0.168,-0.176
1932,2,-0.144,,-0.172,-0.168,-0.176
1932,3,-0.288,,-0.172,-0.168,-0.176
1932,4,-0.249,,-0.171,-0.167,-0.176
1932,5,-0.267,,-0.171,-0.167,-0.175
1932,6,-0.216,,-0.171,-0.167,-0.175
1932,7,-0.195,,-0.171,-0.167,-0.175
1932,8,-0.215,,-0.17,-0.166,-0.175
1932,9,-0.172,,-0.17,-0.166,-0.174
1932,10,-0.25,,-0.17,-0.166,-0.174
1932,11,-0.09,,-0.17,-0.166,-0.174
1932,12,-0.18,,-0.17,-0.165,-0.174
1933,1,-0.079,,-0.169,-0.165,-0.173
1933,2,-0.256,,-0.169,-0.165,-0.173
1933,3,-0.212,,-0.169,-0.165,-0.173
1933,4,-0.136,,-0.169,-0.164,-0.173
1933,5,-0.169,,-0.168,-0.164,-0.172
1933,6,-0.161,,-0.168,-0.164,-0.172
1933,7,-0.137,,-0.168,-0.164,-0.172
1933,8,-0.124,,-0.168,-0.164,-0.172
1933,9,-0.123,,-0.167,-0.163,-0.171
1933,10,-0.174,,-0.167,-0.163,-0.171
1933,11,-0.252,,-0.167,-0.163,-0.171
1933,12,-0.216,,-0.167,-0.163,-0.171
1934,1,-0.21,,-0.166,-0.162,-0.17
1934,2,-0.302,,-0.166,-0.162,-0.17
1934,3,-0.246,,-0.166,-0.162,-0.17
1934,4,-0.176,,-0.166,-0.162,-0.17
1934,5,-0.242,,-0.165,-0.161,-0.17
1934,6,-0.185,,-0.165,-0.161,-0.169
1934,7,-0.189,,-0.165,-0.161,-0.169
1934,8,-0.206,,-0.165,-0.161,-0.169
1934,9,-0.156,,-0.165,-0.16,-0.169
1934,10,-0.192,,-0.164,-0.16,-0.168
1934,11,-0.228,,-0.164,-0.16,-0.168
1934,12,-0.247,,-0.164,-0.16,-0.168
1935,1,-0.204,,-0.164,-0.159,-0.168
1935,2,-0.235,,-0.163,-0.159,-0.167
1935,3,-0.206,,-0.163,-0.159,-0.167
1935,4,-0.118,,-0.163,-0.159,-0.167
1935,5,-0.233,,-0.163,-0.159,-0.167
1935,6,-0.155,,-0.162,-0.158,-0.166
1935,7,-0.174,,-0.162,-0.158,-0.166
1935,8,-0.17,,-0.162,-0.158,-0.166
1935,9,-0.19,,-0.162,-0.158,-0.166
1935,10,-0.213,,-0.161,-0.157,-0.165
1935,11,-0.014,,-0.161,-0.157,-0.165
1935,12,-0.158,,-0.161,-0.157,-0.165
1936,1,-0.228,,-0.161,-0.157,-0.165
1936,2,-0.186,,-0.16,-0.156,-0.164
1936,3,-0.084,,-0.16,-0.156,-0.164
1936,4,-0.227,,-0.16,-0.156,-0.164
1936,5,-0.264,,-0.16,-0.156,-0.164
1936,6,-0.182,,-0.159,-0.155,-0.164
1936,7,-0.134,,-0.159,-0.155,-0.163
1936,8,-0.2,,-0.159,-0.155,-0.163
1936,9,-0.178,,-0.159,-0.155,-0.163
1936,10,-0.189,,-0.159,-0.154,-0.163
1936,11,-0.276,,-0.158,-0.154,-0.162
1936,12,-0.186,,-0.158,-0.154,-0.162
1937,1,-0.112,,-0.158,-0.154,-0.162
1937,2,-0.049,,-0.158,-0.154,-0.162
1937,3,-0.252,,-0.157,-0.153,-0.161
1937,4,-0.121,,-0.157,-0.153,-0.161
1937,5,-0.169,,-0.157,-0.153,-0.161
1937,6,-0.164,,-0.157,-0.153,-0.161
1937,7,-0.137,,-0.156,-0.152,-0.16
1937,8,-0.209,,-0.156,-0.152,-0.16
1937,9,-0.169,,-0.156,-0.152,-0.16
1937,10,-0.18,,-0.156,-0.152,-0.16
1937,11,-0.182,,-0.155,-0.151,-0.159
1937,12,-0.164,,-0.155,-0.151,-0.159
1938,1,-0.063,,-0.155,-0.151,-0.159
1938,2,-0.098,,-0.155,-0.151,-0.159
1938,3,-0.133,,-0.154,-0.15,-0.158
1938,4,-0.194,,-0.154,-0.15,-0.158
1938,5,-0.163,,-0.154,-0.15,-0.158
1938,6,-0.179,,-0.154,-0.15,-0.158
1938,7,-0.189,,-0.154,-0.149,-0.158
1938,8,-0.176,,-0.153,-0.149,-0.157
1938,9,-0.159,,-0.153,-0.149,-0.157
1938,10,-0.076,,-0.153,-0.149,-0.157
1938,11,-0.167,,-0.153,-0.149,-0.157
1938,12,-0.128,,-0.152,-0.148,-0.156
1939,1,-0.152,,-0.152,-0.148,-0.156
1939,2,-0.134,,-0.152,-0.148,-0.156
1939,3,-0.127,,-0.152,-0.148,-0.156
1939,4,-0.148,,-0.151,-0.147,-0.155
1939,5,-0.12,,-0.151,-0.147,-0.155
1939,6,-0.127,,-0.151,-0.147,-0.155
1939,7,-0.14,,-0.151,-0.147,-0.155
1939,8,-0.103,,-0.15,-0.146,-0.154
1939,9,-0.135,,-0.15,-0.146,-0.154
1939,10,-0.168,,-0.15,-0.146,-0.154
1939,11,-0.164,,-0.15,-0.146,-0.154
1939,12,-0.201,,-0.149,-0.145,-0.153
1940,1,-0.21,,-0.149,-0.145,-0.153
1940,2,-0.028,,-0.149,-0.145,-0.153
1940,3,-0.203,,-0.149,-0.145,-0.153
1940,4,-0.142,,-0.148,-0.144,-0.153
1940,5,-0.075,,-0.148,-0.144,-0.152
1940,6,-0.127,,-0.148,-0.144,-0.152
1940,7,-0.168,,-0.148,-0.144,-0.152
1940,8,-0.148,,-0.148,-0.144,-0.152
1940,9,-0.147,,-0.147,-0.143,-0.151
1940,10,-0.137,,-0.147,-0.143,-0.151
1940,11,-0.203,,-0.147,-0.143,-0.151
1940,12,-0.128,,-0.147,-0.143,-0.151
1941,1,-0.063,,-0.146,-0.142,-0.15
1941,2,-0.177,,-0.146,-0.142,-0.15
1941,3,-0.242,,-0.146,-0.142,-0.15
1941,4,-0.13,,-0.146,-0.142,-0.15
1941,5,-0.181,,-0.145,-0.141,-0.149
1941,6,-0.139,,-0.145,-0.141,-0.149
1941,7,-0.147,,-0.145,-0.141,-0.149
1941,8,-0.173,,-0.145,-0.141,-0.149
1941,9,-0.193,,-0.144,-0.14,-0.148
1941,10,-0.21,,-0.144,-0.14,-0.148
1941,11,-0.197,,-0.144,-0.14,-0.148
1941,12,-0.158,,-0.144,-0.14,-0.148
1942,1,-0.14,,-0.143,-0.139,-0.147
1942,2,-0.195,,-0.143,-0.139,-0.147
1942,3,-0.081,,-0.143,-0.139,-0.147
1942,4,-0.136,,-0.143,-0.139,-0.147
1942,5,-0.148,,-0.143,-0.139,-0.147
1942,6,-0.1,,-0.142,-0.138,-0.146
1942,7,-0.116,,-0.142,-0.138,-0.146
1942,8,-0.13,,-0.142,-0.138,-0.146
1942,9,-0.089,,-0.142,-0.138,-0.146
1942,10,-0.098,,-0.141,-0.137,-0.145
1942,11,-0.145,,-0.141,-0.137,-0.145
1942,12,-0.186,,-0.141,-0.137,-0.145
1943,1,-0.13,,-0.141,-0.137,-0.145
1943,2,-0.18,,-0.14,-0.136,-0.144
1943,3,-0.163,,-0.14,-0.136,-0.144
1943,4,-0.206,,-0.14,-0.136,-0.144
1943,5,-0.169,,-0.14,-0.136,-0.144
1943,6,-0.142,,-0.139,-0.135,-0.143
1943,7,-0.134,,-0.139,-0.135,-0.143
1943,8,-0.115,,-0.139,-0.135,-0.143
1943,9,-0.114,,-0.139,-0.135,-0.143
1943,10,-0.079,,-0.138,-0.134,-0.142
1943,11,-0.139,,-0.138,-0.134,-0.142
1943,12,-0.25,,-0.138,-0.134,-0.142
1944,1,-0.133,,-0.138,-0.134,-0.142
1944,2,-0.171,,-0.138,-0.134,-0.142
1944,3,-0.13,,-0.137,-0.133,-0.141
1944,4,-0.139,,-0.137,-0.133,-0.141
1944,5,-0.175,,-0.137,-0.133,-0.141
1944,6,-0.115,,-0.137,-0.133,-0.141
1944,7,-0.125,,-0.136,-0.132,-0.14
1944,8,-0.148,,-0.136,-0.132,-0.14
1944,9,-0.147,,-0.136,-0.132,-0.14
1944,10,-0.128,,-0.136,-0.132,-0.14
1944,11,0.01,,-0.135,-0.131,-0.139
1944,12,-0.207,,-0.135,-0.131,-0.139
1945,1,-0.197,,-0.135,-0.131,-0.139
1945,2,-0.159,,-0.135,-0.131,-0.139
1945,3,-0.075,,-0.134,-0.13,-0.138
1945,4,-0.16,,-0.134,-0.13,-0.138
1945,5,-0.075,,-0.134,-0.13,-0.138
1945,6,-0.109,,-0.134,-0.13,-0.138
1945,7,-0.095,,-0.133,-0.129,-0.137
1945,8,-0.118,,-0.133,-0.129,-0.137
1945,9,-0.098,,-0.133,-0.129,-0.137
1945,10,-0.131,,-0.133,-0.129,-0.137
1945,11,-0.023,,-0.132,-0.128,-0.136
1945,12,0,,-0.132,-0.128,-0.136
1946,1,-0.124,,-0.132,-0.128,-0.136
1946,2,-0.159,,-0.132,-0.128,-0.136
1946,3,-0.072,,-0.132,-0.128,-0.136
1946,4,-0.121,,-0.131,-0.127,-0.135
1946,5,-0.111,,-0.131,-0.127,-0.135
1946,6,-0.136,,-0.131,-0.127,-0.135
1946,7,-0.122,,-0.131,-0.127,-0.135
1946,8,-0.084,,-0.13,-0.126,-0.134
1946,9,-0.108,,-0.13,-0.126,-0.134
1946,10,-0.095,,-0.13,-0.126,-0.134
1946,11,-0.118,,-0.13,-0.126,-0.134
1946,12,-0.186,,-0.129,-0.125,-0.133
1947,1,-0.13,,-0.129,-0.125,-0.133
1947,2,-0.217,,-0.129,-0.125,-0.133
1947,3,-0.157,,-0.129,-0.125,-0.133
1947,4,-0.145,,-0.128,-0.124,-0.132
1947,5,-0.12,,-0.128,-0.124,-0.132
1947,6,-0.084,,-0.128,-0.124,-0.132
1947,7,-0.119,,-0.128,-0.124,-0.132
1947,8,-0.1,,-0.127,-0.123,-0.131
1947,9,-0.12,,-0.127,-0.123,-0.131
1947,10,-0.153,,-0.127,-0.123,-0.131
1947,11,0.001,,-0.127,-0.123,-0.131
1947,12,-0.228,,-0.127,-0.122,-0.131
1948,1,-0.14,,-0.126,-0.122,-0.13
1948,2,-0.083,,-0.126,-0.122,-0.13
1948,3,-0.066,,-0.126,-0.122,-0.13
1948,4,-0.16,,-0.126,-0.122,-0.13
1948,5,-0.084,,-0.125,-0.121,-0.129
1948,6,-0.072,,-0.125,-0.121,-0.129
1948,7,-0.101,,-0.125,-0.121,-0.129
1948,8,-0.133,,-0.125,-0.121,-0.129
1948,9,-0.126,,-0.124,-0.12,-0.128
1948,10,-0.034,,-0.124,-0.12,-0.128
1948,11,-0.081,,-0.124,-0.12,-0.128
1948,12,-0.033,,-0.124,-0.12,-0.128
1949,1,-0.039,,-0.123,-0.119,-0.127
1949,2,-0.055,,-0.123,-0.119,-0.127
1949,3,-0.178,,-0.123,-0.119,-0.127
1949,4,-0.139,,-0.123,-0.119,-0.127
1949,5,-0.12,,-0.122,-0.118,-0.126
1949,6,-0.161,,-0.122,-0.118,-0.126
1949,7,-0.125,,-0.122,-0.118,-0.126
1949,8,-0.115,,-0.122,-0.118,-0.126
1949,9,-0.153,,-0.121,-0.117,-0.126
1949,10,-0.085,,-0.121,-0.117,-0.125
1949,11,-0.106,,-0.121,-0.117,-0.125
1949,12,-0.225,,-0.121,-0.117,-0.125
1950,1,-0.167,,-0.121,-0.117,-0.125
1950,2,-0.113,,-0.12,-0.116,-0.124
1950,3,-0.291,,-0.12,-0.116,-0.124
1950,4,-0.185,,-0.12,-0.116,-0.124
1950,5,-0.2,,-0.12,-0.116,-0.124
1950,6,-0.216,,-0.119,-0.115,-0.123
1950,7,-0.192,,-0.119,-0.115,-0.123
1950,8,-0.157,,-0.119,-0.115,-0.123
1950,9,-0.117,,-0.119,-0.115,-0.123
1950,10,-0.125,,-0.118,-0.114,-0.122
1950,11,-0.048,,-0.118,-0.114,-0.122
1950,12,-0.04,,-0.118,-0.114,-0.122
1951,1,-0.121,,-0.118,-0.114,-0.122
1951,2,-0.11,,-0.117,-0.113,-0.121
1951,3,0.02,,-0.117,-0.113,-0.121
1951,4,-0.112,,-0.117,-0.113,-0.121
1951,5,-0.072,,-0.117,-0.113,-0.121
1951,6,-0.045,,-0.116,-0.112,-0.121
1951,7,-0.134,,-0.116,-0.112,-0.12
1951,8,-0.103,,-0.116,-0.112,-0.12
1951,9,-0.129,,-0.116,-0.112,-0.12
1951,10,-0.073,,-0.116,-0.111,-0.12
1951,11,-0.118,,-0.115,-0.111,-0.119
1951,12,-0.152,,-0.115,-0.111,-0.119
1952,1,-0.069,,-0.115,-0.111,-0.119
1952,2,-0.074,,-0.115,-0.11,-0.119
1952,3,-0.063,,-0.114,-0.11,-0.118
1952,4,-0.099,,-0.114,-0.11,-0.118
1952,5,-0.075,,-0.114,-0.11,-0.118
1952,6,-0.115,,-0.114,-0.11,-0.118
1952,7,-0.153,,-0.113,-0.109,-0.117
1952,8,-0.145,,-0.113,-0.109,-0.117
1952,9,-0.108,,-0.113,-0.109,-0.117
1952,10,-0.195,,-0.113,-0.109,-0.117
1952,11,-0.084,,-0.112,-0.108,-0.117
1952,12,0.012,,-0.112,-0.108,-0.116
1953,1,0.028,,-0.112,-0.108,-0.116
1953,2,-0.153,,-0.112,-0.108,-0.116
1953,3,-0.063,,-0.111,-0.107,-0.116
1953,4,-0.099,,-0.111,-0.107,-0.115
1953,5,-0.047,,-0.111,-0.107,-0.115
1953,6,-0.142,,-0.111,-0.107,-0.115
1953,7,-0.122,,-0.111,-0.106,-0.115
1953,8,-0.115,,-0.11,-0.106,-0.114
1953,9,-0.12,,-0.11,-0.106,-0.114
1953,10,-0.085,,-0.11,-0.106,-0.114
1953,11,-0.057,,-0.11,-0.105,-0.114
1953,12,-0.18,,-0.109,-0.105,-0.113
1954,1,-0.094,,-0.109,-0.105,-0.113
1954,2,-0.07,,-0.109,-0.105,-0.113
1954,3,-0.175,,-0.109,-0.104,-0.113
1954,4,-0.16,,-0.108,-0.104,-0.112
1954,5,-0.053,,-0.108,-0.104,-0.112
1954,6,-0.088,,-0.108,-0.104,-0.112
1954,7,-0.11,,-0.108,-0.104,-0.112
1954,8,-0.148,,-0.107,-0.103,-0.112
1954,9,-0.129,,-0.107,-0.103,-0.111
1954,10,-0.113,,-0.107,-0.103,-0.111
1954,11,-0.127,,-0.107,-0.103,-0.111
1954,12,-0.152,,-0.106,-0.102,-0.111
1955,1,-0.103,,-0.106,-0.102,-0.11
1955,2,-0.119,,-0.106,-0.102,-0.11
1955,3,-0.16,,-0.106,-0.102,-0.11
1955,4,-0.023,,-0.105,-0.101,-0.11
1955,5,-0.126,,-0.105,-0.101,-0.109
1955,6,-0.078,,-0.105,-0.101,-0.109
1955,7,-0.098,,-0.105,-0.101,-0.109
1955,8,-0.042,,-0.105,-0.1,-0.109
1955,9,-0.114,,-0.104,-0.1,-0.108
1955,10,-0.012,,-0.104,-0.1,-0.108
1955,11,-0.087,,-0.104,-0.1,-0.108
1955,12,-0.189,,-0.104,-0.099,-0.108
1956,1,-0.002,,-0.103,-0.099,-0.107
1956,2,-0.113,,-0.103,-0.099,-0.107
1956,3,-0.054,,-0.103,-0.099,-0.107
1956,4,-0.063,,-0.103,-0.098,-0.107
1956,5,-0.157,,-0.102,-0.098,-0.107
1956,6,-0.115,,-0.102,-0.098,-0.106
1956,7,-0.089,,-0.102,-0.098,-0.106
1956,8,-0.051,,-0.102,-0.098,-0.106
1956,9,-0.056,,-0.101,-0.097,-0.106
1956,10,-0.043,,-0.101,-0.097,-0.105
1956,11,-0.078,,-0.101,-0.097,-0.105
1956,12,-0.076,,-0.101,-0.097,-0.105
1957,1,-0.188,,-0.1,-0.096,-0.105
1957,2,-0.074,,-0.1,-0.096,-0.104
1957,3,-0.032,,-0.1,-0.096,-0.104
1957,4,-0.197,,-0.1,-0.096,-0.104
1957,5,-0.133,,-0.1,-0.095,-0.104
1957,6,-0.133,,-0.099,-0.095,-0.103
1957,7,-0.134,,-0.099,-0.095,-0.103
1957,8,-0.136,,-0.099,-0.095,-0.103
1957,9,-0.15,,-0.099,-0.094,-0.103
1957,10,-0.079,,-0.098,-0.094,-0.103
1957,11,-0.124,,-0.098,-0.094,-0.102
1957,12,-0.116,,-0.098,-0.094,-0.102
1958,1,0.001,,-0.098,-0.093,-0.102
1958,2,-0.077,,-0.097,-0.093,-0.102
1958,3,0.099,,-0.097,-0.093,-0.101
1958,4,0.016,,-0.097,-0.093,-0.101
1958,5,-0.108,,-0.097,-0.092,-0.101
1958,6,-0.097,,-0.096,-0.092,-0.101
1958,7,-0.064,,-0.096,-0.092,-0.1
1958,8,-0.078,,-0.096,-0.092,-0.1
1958,9,-0.062,,-0.096,-0.091,-0.1
1958,10,-0.009,,-0.095,-0.091,-0.1
1958,11,-0.13,,-0.095,-0.091,-0.099
1958,12,-0.152,,-0.095,-0.091,-0.099
1959,1,-0.158,,-0.095,-0.091,-0.099
1959,2,-0.183,,-0.095,-0.09,-0.099
1959,3,-0.133,,-0.094,-0.09,-0.098
1959,4,-0.066,,-0.094,-0.09,-0.098
1959,5,-0.212,,-0.094,-0.09,-0.098
1959,6,-0.121,,-0.094,-0.089,-0.098
1959,7,-0.144,,-0.093,-0.089,-0.098
1959,8,-0.118,,-0.093,-0.089,-0.097
1959,9,-0.117,,-0.093,-0.089,-0.097
1959,10,-0.061,,-0.093,-0.088,-0.097
1959,11,-0.115,,-0.092,-0.088,-0.097
1959,12,-0.018,,-0.092,-0.088,-0.096
1960,1,0.019,,-0.092,-0.088,-0.096
1960,2,-0.064,,-0.092,-0.087,-0.096
1960,3,-0.072,,-0.091,-0.087,-0.096
1960,4,-0.09,,-0.091,-0.087,-0.095
1960,5,-0.068,,-0.091,-0.087,-0.095
1960,6,-0.036,,-0.091,-0.086,-0.095
1960,7,-0.073,,-0.09,-0.086,-0.095
1960,8,-0.045,,-0.09,-0.086,-0.094
1960,9,-0.013,,-0.09,-0.086,-0.094
1960,10,-0.055,,-0.09,-0.085,-0.094
1960,11,-0.1,,-0.089,-0.085,-0.094
1960,12,-0.146,,-0.089,-0.085,-0.094
1961,1,-0.118,,-0.089,-0.085,-0.093
1961,2,0.009,,-0.089,-0.084,-0.093
1961,3,0.011,,-0.089,-0.084,-0.093
1961,4,-0.023,,-0.088,-0.084,-0.093
1961,5,-0.084,,-0.088,-0.084,-0.092
1961,6,-0.127,,-0.088,-0.084,-0.092
1961,7,-0.07,,-0.088,-0.083,-0.092
1961,8,-0.185,,-0.087,-0.083,-0.092
1961,9,-0.098,,-0.087,-0.083,-0.091
1961,10,-0.116,,-0.087,-0.083,-0.091
1961,11,-0.16,,-0.087,-0.082,-0.091
1961,12,-0.1,,-0.086,-0.082,-0.091
1962,1,-0.182,,-0.086,-0.082,-0.09
1962,2,0.009,,-0.086,-0.082,-0.09
1962,3,0.129,,-0.086,-0.081,-0.09
1962,4,-0.109,,-0.085,-0.081,-0.09
1962,5,-0.05,,-0.085,-0.081,-0.09
1962,6,-0.045,,-0.085,-0.081,-0.089
1962,7,-0.034,,-0.085,-0.08,-0.089
1962,8,-0.069,,-0.084,-0.08,-0.089
1962,9,-0.089,,-0.084,-0.08,-0.089
1962,10,-0.079,,-0.084,-0.08,-0.088
1962,11,-0.02,,-0.084,-0.079,-0.088
1962,12,-0.088,,-0.084,-0.079,-0.088
1963,1,0.001,,-0.083,-0.079,-0.088
1963,2,-0.223,,-0.083,-0.079,-0.087
1963,3,-0.093,,-0.083,-0.078,-0.087
1963,4,-0.127,,-0.083,-0.078,-0.087
1963,5,-0.175,,-0.082,-0.078,-0.087
1963,6,-0.115,,-0.082,-0.078,-0.086
1963,7,-0.089,,-0.082,-0.077,-0.086
1963,8,-0.124,,-0.082,-0.077,-0.086
1963,9,-0.135,,-0.081,-0.077,-0.086
1963,10,-0.146,,-0.081,-0.077,-0.085
1963,11,-0.057,,-0.081,-0.077,-0.085
1963,12,-0.174,,-0.081,-0.076,-0.085
1964,1,-0.103,,-0.08,-0.076,-0.085
1964,2,-0.116,,-0.08,-0.076,-0.085
1964,3,-0.066,,-0.08,-0.076,-0.084
1964,4,-0.154,,-0.08,-0.075,-0.084
1964,5,-0.111,,-0.079,-0.075,-0.084
1964,6,-0.149,,-0.079,-0.075,-0.084
1964,7,-0.067,,-0.079,-0.075,-0.083
1964,8,-0.081,,-0.079,-0.074,-0.083
1964,9,-0.044,,-0.078,-0.074,-0.083
1964,10,-0.052,,-0.078,-0.074,-0.083
1964,11,0.004,,-0.078,-0.074,-0.082
1964,12,-0.088,,-0.078,-0.073,-0.082
1965,1,-0.021,,-0.078,-0.073,-0.082
1965,2,-0.074,,-0.077,-0.073,-0.082
1965,3,-0.096,,-0.077,-0.073,-0.081
1965,4,-0.072,,-0.077,-0.072,-0.081
1965,5,-0.111,,-0.077,-0.072,-0.081
1965,6,-0.078,,-0.076,-0.072,-0.081
1965,7,-0.064,,-0.076,-0.072,-0.081
1965,8,-0.136,,-0.076,-0.071,-0.08
1965,9,-0.092,,-0.076,-0.071,-0.08
1965,10,-0.11,,-0.075,-0.071,-0.08
1965,11,-0.078,,-0.075,-0.071,-0.08
1965,12,-0.021,,-0.075,-0.07,-0.079
1966,1,-0.136,,-0.075,-0.07,-0.079
1966,2,-0.101,,-0.074,-0.07,-0.079
1966,3,-0.09,,-0.074,-0.07,-0.079
1966,4,-0.09,,-0.074,-0.069,-0.078
1966,5,-0.136,,-0.074,-0.069,-0.078
1966,6,-0.115,,-0.073,-0.069,-0.078
1966,7,-0.079,,-0.073,-0.069,-0.078
1966,8,-0.084,,-0.073,-0.069,-0.077
1966,9,-0.016,,-0.073,-0.068,-0.077
1966,10,-0.146,,-0.073,-0.068,-0.077
1966,11,-0.005,,-0.072,-0.068,-0.077
1966,12,-0.046,,-0.072,-0.068,-0.077
1967,1,0.007,,-0.072,-0.067,-0.076
1967,2,-0.043,,-0.072,-0.067,-0.076
1967,3,0.004,,-0.071,-0.067,-0.076
1967,4,0.01,,-0.071,-0.067,-0.076
1967,5,-0.014,,-0.071,-0.066,-0.075
1967,6,-0.036,,-0.071,-0.066,-0.075
1967,7,-0.019,,-0.07,-0.066,-0.075
1967,8,-0.057,,-0.07,-0.066,-0.075
1967,9,-0.074,,-0.07,-0.065,-0.074
1967,10,-0.137,,-0.07,-0.065,-0.074
1967,11,-0.139,,-0.069,-0.065,-0.074
1967,12,0.009,,-0.069,-0.065,-0.074
1968,1,-0.094,,-0.069,-0.064,-0.073
1968,2,-0.092,,-0.069,-0.064,-0.073
1968,3,-0.084,,-0.068,-0.064,-0.073
1968,4,-0.093,,-0.068,-0.064,-0.073
1968,5,-0.047,,-0.068,-0.063,-0.073
1968,6,-0.024,,-0.068,-0.063,-0.072
1968,7,-0.079,,-0.068,-0.063,-0.072
1968,8,-0.093,,-0.067,-0.063,-0.072
1968,9,-0.074,,-0.067,-0.062,-0.072
1968,10,-0.134,,-0.067,-0.062,-0.071
1968,11,-0.032,,-0.067,-0.062,-0.071
1968,12,-0.204,,-0.066,-0.062,-0.071
1969,1,-0.127,,-0.066,-0.062,-0.071
1969,2,0.006,,-0.066,-0.061,-0.07
1969,3,-0.054,,-0.066,-0.061,-0.07
1969,4,-0.102,,-0.065,-0.061,-0.07
1969,5,-0.108,,-0.065,-0.061,-0.07
1969,6,-0.042,,-0.065,-0.06,-0.069
1969,7,-0.015,,-0.065,-0.06,-0.069
1969,8,-0.06,,-0.064,-0.06,-0.069
1969,9,-0.044,,-0.064,-0.06,-0.069
1969,10,-0.043,,-0.064,-0.059,-0.069
1969,11,0.038,,-0.064,-0.059,-0.068
1969,12,0.037,,-0.063,-0.059,-0.068
1970,1,-0.06,,-0.063,-0.059,-0.068
1970,2,-0.046,,-0.063,-0.058,-0.068
1970,3,-0.081,,-0.063,-0.058,-0.067
1970,4,-0.048,,-0.062,-0.058,-0.067
1970,5,-0.114,,-0.062,-0.058,-0.067
1970,6,-0.075,,-0.062,-0.057,-0.067
1970,7,-0.083,,-0.062,-0.057,-0.066
1970,8,-0.048,,-0.062,-0.057,-0.066
1970,9,-0.083,,-0.061,-0.057,-0.066
1970,10,-0.034,,-0.061,-0.056,-0.066
1970,11,0.065,,-0.061,-0.056,-0.065
1970,12,0.018,,-0.061,-0.056,-0.065
1971,1,-0.079,,-0.06,-0.056,-0.065
1971,2,-0.043,,-0.06,-0.055,-0.065
1971,3,-0.087,,-0.06,-0.055,-0.065
1971,4,-0.069,,-0.06,-0.055,-0.064
1971,5,-0.038,,-0.059,-0.055,-0.064
1971,6,-0.039,,-0.059,-0.054,-0.064
1971,7,-0.083,,-0.059,-0.054,-0.064
1971,8,-0.103,,-0.059,-0.054,-0.063
1971,9,-0.034,,-0.058,-0.054,-0.063
1971,10,0.052,,-0.058,-0.053,-0.063
1971,11,0.022,,-0.058,-0.053,-0.063
1971,12,-0.073,,-0.058,-0.053,-0.062
1972,1,-0.088,,-0.057,-0.053,-0.062
1972,2,-0.061,,-0.057,-0.053,-0.062
1972,3,-0.023,,-0.057,-0.052,-0.062
1972,4,-0.038,,-0.057,-0.052,-0.061
1972,5,0.005,,-0.057,-0.052,-0.061
1972,6,-0.005,,-0.056,-0.052,-0.061
1972,7,-0.04,,-0.056,-0.051,-0.061
1972,8,-0.054,,-0.056,-0.051,-0.061
1972,9,-0.007,,-0.056,-0.051,-0.06
1972,10,-0.061,,-0.055,-0.051,-0.06
1972,11,0.102,,-0.055,-0.05,-0.06
1972,12,0.052,,-0.055,-0.05,-0.06
1973,1,0.001,,-0.055,-0.05,-0.059
1973,2,0.058,,-0.054,-0.05,-0.059
1973,3,0.087,,-0.054,-0.049,-0.059
1973,4,0.004,,-0.054,-0.049,-0.059
1973,5,-0.008,,-0.054,-0.049,-0.058
1973,6,-0.051,,-0.053,-0.049,-0.058
1973,7,-0.028,,-0.053,-0.048,-0.058
1973,8,-0.051,,-0.053,-0.048,-0.058
1973,9,-0.062,,-0.053,-0.048,-0.057
1973,10,-0.064,,-0.052,-0.048,-0.057
1973,11,-0.151,,-0.052,-0.047,-0.057
1973,12,-0.036,,-0.052,-0.047,-0.057
1974,1,0.013,,-0.052,-0.047,-0.057
1974,2,-0.028,,-0.051,-0.047,-0.056
1974,3,-0.078,,-0.051,-0.046,-0.056
1974,4,-0.112,,-0.051,-0.046,-0.056
1974,5,-0.056,,-0.051,-0.046,-0.056
1974,6,-0.011,,-0.051,-0.046,-0.055
1974,7,-0.04,,-0.05,-0.045,-0.055
1974,8,-0.09,,-0.05,-0.045,-0.055
1974,9,-0.053,,-0.05,-0.045,-0.055
1974,10,-0.159,,-0.05,-0.045,-0.054
1974,11,-0.075,,-0.049,-0.045,-0.054
1974,12,0.003,,-0.049,-0.044,-0.054
1975,1,-0.069,,-0.049,-0.044,-0.054
1975,2,-0.04,,-0.049,-0.044,-0.053
1975,3,-0.072,,-0.048,-0.044,-0.053
1975,4,-0.121,,-0.048,-0.043,-0.053
1975,5,-0.053,,-0.048,-0.043,-0.053
1975,6,-0.057,,-0.048,-0.043,-0.053
1975,7,-0.061,,-0.047,-0.043,-0.052
1975,8,-0.063,,-0.047,-0.042,-0.052
1975,9,-0.071,,-0.047,-0.042,-0.052
1975,10,0.021,,-0.047,-0.042,-0.052
1975,11,-0.008,,-0.046,-0.042,-0.051
1975,12,0.025,,-0.046,-0.041,-0.051
1976,1,-0.063,,-0.046,-0.041,-0.051
1976,2,-0.11,,-0.046,-0.041,-0.051
1976,3,-0.05,,-0.046,-0.041,-0.05
1976,4,-0.102,,-0.045,-0.04,-0.05
1976,5,-0.133,,-0.045,-0.04,-0.05
1976,6,-0.094,,-0.045,-0.04,-0.05
1976,7,-0.037,,-0.045,-0.04,-0.049
1976,8,-0.066,,-0.044,-0.039,-0.049
1976,9,-0.086,,-0.044,-0.039,-0.049
1976,10,-0.079,,-0.044,-0.039,-0.049
1976,11,-0.209,,-0.044,-0.039,-0.049
1976,12,-0.235,,-0.043,-0.038,-0.048
1977,1,-0.213,,-0.043,-0.038,-0.048
1977,2,-0.186,,-0.043,-0.038,-0.048
1977,3,-0.139,,-0.043,-0.038,-0.048
1977,4,-0.188,,-0.042,-0.037,-0.047
1977,5,-0.12,,-0.042,-0.037,-0.047
1977,6,-0.069,,-0.042,-0.037,-0.047
1977,7,-0.079,,-0.042,-0.037,-0.047
1977,8,-0.072,,-0.041,-0.036,-0.046
1977,9,0.024,,-0.041,-0.036,-0.046
1977,10,0.003,,-0.041,-0.036,-0.046
1977,11,0.044,,-0.041,-0.036,-0.046
1977,12,0.055,,-0.041,-0.036,-0.045
1978,1,-0.033,,-0.04,-0.035,-0.045
1978,2,0.143,,-0.04,-0.035,-0.045
1978,3,-0.017,,-0.04,-0.035,-0.045
1978,4,-0.002,,-0.04,-0.035,-0.045
1978,5,0.005,,-0.039,-0.034,-0.044
1978,6,-0.063,,-0.039,-0.034,-0.044
1978,7,-0.019,,-0.039,-0.034,-0.044
1978,8,-0.017,,-0.039,-0.034,-0.044
1978,9,0.014,,-0.038,-0.033,-0.043
1978,10,-0.043,,-0.038,-0.033,-0.043
1978,11,0.032,,-0.038,-0.033,-0.043
1978,12,-0.091,,-0.038,-0.033,-0.043
1979,1,0.028,,-0.037,-0.032,-0.042
1979,2,-0.046,,-0.037,-0.032,-0.042
1979,3,-0.05,,-0.037,-0.032,-0.042
1979,4,-0.032,,-0.037,-0.032,-0.042
1979,5,-0.053,,-0.036,-0.031,-0.042
1979,6,-0.072,,-0.036,-0.031,-0.041
1979,7,-0.061,,-0.036,-0.031,-0.041
1979,8,-0.042,,-0.036,-0.031,-0.041
1979,9,-0.065,,-0.035,-0.03,-0.041
1979,10,-0.092,,-0.035,-0.03,-0.04
1979,11,-0.09,,-0.035,-0.03,-0.04
1979,12,-0.113,,-0.035,-0.03,-0.04
1980,1,-0.057,,-0.035,-0.029,-0.04
1980,2,-0.052,,-0.034,-0.029,-0.039
1980,3,-0.081,,-0.034,-0.029,-0.039
1980,4,-0.011,,-0.034,-0.029,-0.039
1980,5,-0.035,,-0.034,-0.028,-0.039
1980,6,-0.1,,-0.033,-0.028,-0.038
1980,7,-0.086,,-0.033,-0.028,-0.038
1980,8,-0.066,,-0.033,-0.028,-0.038
1980,9,-0.095,,-0.033,-0.027,-0.038
1980,10,-0.113,,-0.032,-0.027,-0.038
1980,11,-0.13,,-0.032,-0.027,-0.037
1980,12,-0.18,,-0.032,-0.027,-0.037
1981,1,-0.176,,-0.032,-0.027,-0.037
1981,2,-0.098,,-0.031,-0.026,-0.037
1981,3,-0.054,,-0.031,-0.026,-0.036
1981,4,-0.182,,-0.031,-0.026,-0.036
1981,5,-0.044,,-0.031,-0.026,-0.036
1981,6,-0.066,,-0.03,-0.025,-0.036
1981,7,-0.061,,-0.03,-0.025,-0.035
1981,8,-0.054,,-0.03,-0.025,-0.035
1981,9,-0.037,,-0.03,-0.025,-0.035
1981,10,-0.11,,-0.03,-0.024,-0.035
1981,11,-0.026,,-0.029,-0.024,-0.034
1981,12,-0.027,,-0.029,-0.024,-0.034
1982,1,-0.121,,-0.029,-0.024,-0.034
1982,2,-0.058,,-0.029,-0.023,-0.034
1982,3,-0.084,,-0.028,-0.023,-0.034
1982,4,-0.2,,-0.028,-0.023,-0.033
1982,5,-0.056,,-0.028,-0.023,-0.033
1982,6,0.04,,-0.028,-0.022,-0.033
1982,7,-0.07,,-0.027,-0.022,-0.033
1982,8,-0.084,,-0.027,-0.022,-0.032
1982,9,-0.059,,-0.027,-0.022,-0.032
1982,10,0.018,,-0.027,-0.021,-0.032
1982,11,-0.109,,-0.026,-0.021,-0.032
1982,12,-0.009,,-0.026,-0.021,-0.031
1983,1,-0.005,,-0.026,-0.021,-0.031
1983,2,0.1,,-0.026,-0.02,-0.031
1983,3,0.108,,-0.025,-0.02,-0.031
1983,4,0.09,,-0.025,-0.02,-0.03
1983,5,-0.023,,-0.025,-0.02,-0.03
1983,6,-0.03,,-0.025,-0.019,-0.03
1983,7,-0.025,,-0.025,-0.019,-0.03
1983,8,-0.002,,-0.024,-0.019,-0.03
1983,9,-0.019,,-0.024,-0.019,-0.029
1983,10,0.03,,-0.024,-0.018,-0.029
1983,11,0.044,,-0.024,-0.018,-0.029
1983,12,0.012,,-0.023,-0.018,-0.029
1984,1,0.004,,-0.023,-0.018,-0.028
1984,2,0.012,,-0.023,-0.018,-0.028
1984,3,0.047,,-0.023,-0.017,-0.028
1984,4,0.12,,-0.022,-0.017,-0.028
1984,5,-0.05,,-0.022,-0.017,-0.027
1984,6,-0.011,,-0.022,-0.017,-0.027
1984,7,-0.037,,-0.022,-0.016,-0.027
1984,8,0.007,,-0.021,-0.016,-0.027
1984,9,-0.047,,-0.021,-0.016,-0.027
1984,10,0.024,,-0.021,-0.016,-0.026
1984,11,-0.017,,-0.021,-0.015,-0.026
1984,12,-0.049,,-0.02,-0.015,-0.026
1985,1,-0.088,,-0.02,-0.015,-0.026
1985,2,-0.067,,-0.02,-0.015,-0.025
1985,3,-0.093,,-0.02,-0.014,-0.025
1985,4,-0.096,,-0.019,-0.014,-0.025
1985,5,-0.041,,-0.019,-0.014,-0.025
1985,6,-0.075,,-0.019,-0.014,-0.024
1985,7,-0.052,,-0.019,-0.013,-0.024
1985,8,-0.042,,-0.019,-0.013,-0.024
1985,9,-0.04,,-0.018,-0.013,-0.024
1985,10,-0.061,,-0.018,-0.013,-0.023
1985,11,0.096,,-0.018,-0.012,-0.023
1985,12,-0.018,,-0.018,-0.012,-0.023
1986,1,-0.106,,-0.017,-0.012,-0.023
1986,2,0.048,,-0.017,-0.012,-0.023
1986,3,-0.087,,-0.017,-0.011,-0.022
1986,4,0.059,,-0.017,-0.011,-0.022
1986,5,-0.008,,-0.016,-0.011,-0.022
1986,6,-0.072,,-0.016,-0.011,-0.022
1986,7,-0.003,,-0.016,-0.01,-0.021
1986,8,-0.045,,-0.016,-0.01,-0.021
1986,9,-0.083,,-0.015,-0.01,-0.021
1986,10,-0.018,,-0.015,-0.01,-0.021
1986,11,-0.032,,-0.015,-0.009,-0.02
1986,12,0.018,,-0.015,-0.009,-0.02
1987,1,0.031,,-0.014,-0.009,-0.02
1987,2,-0.058,,-0.014,-0.009,-0.02
1987,3,0.09,,-0.014,-0.008,-0.019
1987,4,0.08,,-0.014,-0.008,-0.019
1987,5,-0.05,,-0.014,-0.008,-0.019
1987,6,-0.033,,-0.013,-0.008,-0.019
1987,7,0,,-0.013,-0.008,-0.019
1987,8,-0.008,,-0.013,-0.007,-0.018
1987,9,-0.013,,-0.013,-0.007,-0.018
1987,10,-0.07,,-0.012,-0.007,-0.018
1987,11,-0.048,,-0.012,-0.007,-0.018
1987,12,0.037,,-0.012,-0.006,-0.017
1988,1,-0.085,,-0.012,-0.006,-0.017
1988,2,-0.013,,-0.011,-0.006,-0.017
1988,3,-0.096,,-0.011,-0.006,-0.017
1988,4,0.053,,-0.011,-0.005,-0.016
1988,5,-0.029,,-0.011,-0.005,-0.016
1988,6,-0.042,,-0.01,-0.005,-0.016
1988,7,-0.083,,-0.01,-0.005,-0.016
1988,8,-0.066,,-0.01,-0.004,-0.016
1988,9,-0.095,,-0.01,-0.004,-0.015
1988,10,-0.07,,-0.009,-0.004,-0.015
1988,11,-0.09,,-0.009,-0.004,-0.015
1988,12,-0.079,,-0.009,-0.003,-0.015
1989,1,-0.051,,-0.009,-0.003,-0.014
1989,2,-0.052,,-0.008,-0.003,-0.014
1989,3,-0.05,,-0.008,-0.003,-0.014
1989,4,-0.115,,-0.008,-0.002,-0.014
1989,5,-0.026,,-0.008,-0.002,-0.013
1989,6,-0.017,,-0.008,-0.002,-0.013
1989,7,-0.034,,-0.007,-0.002,-0.013
1989,8,-0.017,,-0.007,-0.001,-0.013
1989,9,-0.037,,-0.007,-0.001,-0.012
1989,10,-0.046,,-0.007,-0.001,-0.012
1989,11,-0.087,,-0.006,-0.001,-0.012
1989,12,-0.14,,-0.006,0,-0.012
1990,1,-0.082,,-0.006,0,-0.012
1990,2,-0.037,,-0.006,0,-0.011
1990,3,-0.096,,-0.005,0,-0.011
1990,4,-0.105,,-0.005,0.001,-0.011
1990,5,-0.001,,-0.005,0.001,-0.011
1990,6,-0.051,,-0.005,0.001,-0.01
1990,7,-0.025,,-0.004,0.001,-0.01
1990,8,0.019,,-0.004,0.002,-0.01
1990,9,-0.025,,-0.004,0.002,-0.01
1990,10,-0.046,,-0.004,0.002,-0.009
1990,11,-0.057,,-0.003,0.002,-0.009
1990,12,-0.043,,-0.003,0.002,-0.009
1991,1,0.025,,-0.003,0.003,-0.009
1991,2,-0.022,,-0.003,0.003,-0.009
1991,3,0.096,,-0.003,0.003,-0.008
1991,4,-0.035,,-0.002,0.003,-0.008
1991,5,-0.053,,-0.002,0.004,-0.008
1991,6,-0.008,,-0.002,0.004,-0.008
1991,7,-0.003,,-0.002,0.004,-0.007
1991,8,-0.06,,-0.001,0.004,-0.007
1991,9,-0.068,,-0.001,0.005,-0.007
1991,10,0.009,,-0.001,0.005,-0.007
1991,11,-0.002,,-0.001,0.005,-0.006
1991,12,-0.033,,0,0.005,-0.006
1992,1,0.018,,0,0.006,-0.006
1992,2,0.054,,0,0.006,-0.006
1992,3,-0.003,,0,0.006,-0.005
1992,4,-0.004,,0.001,0.006,-0.005
1992,5,0.007,,0.001,0.007,-0.005
1992,6,0.013,,0.001,0.007,-0.005
1992,7,0.03,,0.001,0.007,-0.005
1992,8,-0.023,,0.002,0.007,-0.004
1992,9,-0.04,,0.002,0.008,-0.004
1992,10,-0.043,,0.002,0.008,-0.004
1992,11,0.004,,0.002,0.008,-0.004
1992,12,0.061,,0.002,0.008,-0.003
1993,1,0.025,,0.003,0.009,-0.003
1993,2,0.07,,0.003,0.009,-0.003
1993,3,-0.005,,0.003,0.009,-0.003
1993,4,0.117,,0.003,0.009,-0.002
1993,5,0.02,,0.004,0.01,-0.002
1993,6,-0.039,,0.004,0.01,-0.002
1993,7,0.015,,0.004,0.01,-0.002
1993,8,0.01,,0.004,0.01,-0.001
1993,9,-0.013,,0.005,0.011,-0.001
1993,10,-0.028,,0.005,0.011,-0.001
1993,11,-0.051,,0.005,0.011,-0.001
1993,12,0.076,,0.005,0.011,-0.001
1994,1,-0.098,,0.006,0.012,0
1994,2,-0.025,,0.006,0.012,0
1994,3,0.011,,0.006,0.012,0
1994,4,-0.078,,0.006,0.012,0
1994,5,0.007,,0.007,0.013,0.001
1994,6,-0.064,,0.007,0.013,0.001
1994,7,-0.031,,0.007,0.013,0.001
1994,8,-0.051,,0.007,0.013,0.001
1994,9,-0.02,,0.008,0.013,0.002
1994,10,-0.018,,0.008,0.014,0.002
1994,11,-0.102,,0.008,0.014,0.002
1994,12,0.034,,0.008,0.014,0.002
1995,1,-0.011,,0.008,0.014,0.002
1995,2,-0.087,,0.009,0.015,0.003
1995,3,0.009,,0.009,0.015,0.003
1995,4,-0.08,,0.009,0.015,0.003
1995,5,0.016,,0.009,0.015,0.003
1995,6,-0.054,,0.01,0.016,0.004
1995,7,-0.025,,0.01,0.016,0.004
1995,8,0.045,,0.01,0.016,0.004
1995,9,0.022,,0.01,0.016,0.004
1995,10,-0.01,,0.011,0.017,0.005
1995,11,0.051,,0.011,0.017,0.005
1995,12,0.005,,0.011,0.017,0.005
1996,1,0.133,,0.011,0.017,0.005
1996,2,0.028,,0.012,0.018,0.006
1996,3,-0.012,,0.012,0.018,0.006
1996,4,0.055,,0.012,0.018,0.006
1996,5,0.009,,0.012,0.018,0.006
1996,6,0.019,,0.013,0.019,0.006
1996,7,0.024,,0.013,0.019,0.007
1996,8,0.023,,0.013,0.019,0.007
1996,9,0.148,,0.013,0.019,0.007
1996,10,0.108,,0.013,0.02,0.007
1996,11,0.08,,0.014,0.02,0.008
1996,12,0.206,,0.014,0.02,0.008
1997,1,0.05,,0.014,0.02,0.008
1997,2,0.066,,0.014,0.021,0.008
1997,3,0.055,,0.015,0.021,0.009
1997,4,0.124,,0.015,0.021,0.009
1997,5,-0.011,,0.015,0.021,0.009
1997,6,0.072,,0.015,0.022,0.009
1997,7,0.016,,0.016,0.022,0.009
1997,8,0.03,,0.016,0.022,0.01
1997,9,0.012,,0.016,0.022,0.01
1997,10,0.025,,0.016,0.023,0.01
1997,11,0.086,,0.017,0.023,0.01
1997,12,0.024,,0.017,0.023,0.011
1998,1,0.177,,0.017,0.023,0.011
1998,2,0.269,,0.017,0.023,0.011
1998,3,0.076,,0.018,0.024,0.011
1998,4,0.091,,0.018,0.024,0.012
1998,5,0.127,,0.018,0.024,0.012
1998,6,0.049,,0.018,0.024,0.012
1998,7,0.039,,0.019,0.025,0.012
1998,8,0.029,,0.019,0.025,0.013
1998,9,0.03,,0.019,0.025,0.013
1998,10,-0.034,,0.019,0.025,0.013
1998,11,-0.03,,0.019,0.026,0.013
1998,12,-0.005,,0.02,0.026,0.013
1999,1,-0.003,,0.02,0.026,0.014
1999,2,0.139,,0.02,0.026,0.014
1999,3,0,,0.02,0.027,0.014
1999,4,0.029,,0.021,0.027,0.014
1999,5,0.025,,0.021,0.027,0.015
1999,6,-0.019,,0.021,0.027,0.015
1999,7,0.009,,0.021,0.028,0.015
1999,8,0.047,,0.022,0.028,0.015
1999,9,0.032,,0.022,0.028,0.016
1999,10,-0.032,,0.022,0.028,0.016
1999,11,-0.047,,0.022,0.029,0.016
1999,12,0.009,,0.023,0.029,0.016
2000,1,-0.066,,0.023,0.029,0.016
2000,2,-0.084,,0.023,0.029,0.017
2000,3,0.073,,0.023,0.03,0.017
2000,4,0.039,,0.024,0.03,0.017
2000,5,0.071,,0.024,0.03,0.017
2000,6,0.022,,0.024,0.03,0.018
2000,7,0.068,,0.024,0.031,0.018
2000,8,0.047,,0.024,0.031,0.018
2000,9,0.029,,0.025,0.031,0.018
2000,10,0.004,,0.025,0.031,0.019
2000,11,0.067,,0.025,0.032,0.019
2000,12,0.018,,0.025,0.032,0.019
2001,1,0.09,,0.026,0.032,0.019
2001,2,0.007,,0.026,0.032,0.02
2001,3,0.125,,0.026,0.033,0.02
2001,4,0.063,,0.026,0.033,0.02
2001,5,0.015,,0.027,0.033,0.02
2001,6,-0.017,,0.027,0.033,0.02
2001,7,0.009,,0.027,0.034,0.021
2001,8,-0.009,,0.027,0.034,0.021
2001,9,0.042,,0.028,0.034,0.021
2001,10,-0.035,,0.028,0.034,0.021
2001,11,-0.029,,0.028,0.034,0.022
2001,12,0.022,,0.028,0.035,0.022
2002,1,-0.056,,0.029,0.035,0.022
2002,2,0.05,,0.029,0.035,0.022
2002,3,-0.084,,0.029,0.035,0.023
2002,4,-0.066,,0.029,0.036,0.023
2002,5,-0.064,,0.029,0.036,0.023
2002,6,-0.007,,0.03,0.036,0.023
2002,7,-0.013,,0.03,0.036,0.023
2002,8,-0.001,,0.03,0.037,0.024
2002,9,0.024,,0.03,0.037,0.024
2002,10,0.08,,0.031,0.037,0.024
2002,11,-0.029,,0.031,0.037,0.024
2002,12,0.006,,0.031,0.038,0.025
2003,1,-0.018,,0.031,0.038,0.025
2003,2,-0.099,,0.032,0.038,0.025
2003,3,0.035,,0.032,0.038,0.025
2003,4,0.067,,0.032,0.039,0.026
2003,5,0.046,,0.032,0.039,0.026
2003,6,0.063,,0.033,0.039,0.026
2003,7,0.019,,0.033,0.039,0.026
2003,8,0.011,,0.033,0.04,0.027
2003,9,0.108,,0.033,0.04,0.027
2003,10,-0.004,,0.034,0.04,0.027
2003,11,-0.001,,0.034,0.04,0.027
2003,12,0.029,,0.034,0.041,0.027
2004,1,-0.067,,0.034,0.041,0.028
2004,2,-0.009,,0.035,0.041,0.028
2004,3,0.035,,0.035,0.041,0.028
2004,4,-0.027,,0.035,0.042,0.028
2004,5,-0.028,,0.035,0.042,0.029
2004,6,-0.002,,0.035,0.042,0.029
2004,7,0.025,,0.036,0.042,0.029
2004,8,0.006,,0.036,0.043,0.029
2004,9,0.065,,0.036,0.043,0.03
2004,10,0.126,,0.036,0.043,0.03
2004,11,0.042,,0.037,0.043,0.03
2004,12,0.06,,0.037,0.044,0.03
2005,1,0.125,,0.037,0.044,0.03
2005,2,0.122,,0.037,0.044,0.031
2005,3,0.078,,0.038,0.044,0.031
2005,4,0.141,,0.038,0.045,0.031
2005,5,0.143,,0.038,0.045,0.031
2005,6,0.069,,0.038,0.045,0.032
2005,7,0.091,,0.039,0.045,0.032
2005,8,0.062,,0.039,0.046,0.032
2005,9,0.027,,0.039,0.046,0.032
2005,10,0.127,,0.039,0.046,0.033
2005,11,0.009,,0.04,0.046,0.033
2005,12,-0.007,,0.04,0.046,0.033
2006,1,0.096,,0.04,0.047,0.033
2006,2,0.028,,0.04,0.047,0.034
2006,3,-0.009,,0.04,0.047,0.034
2006,4,0.032,,0.041,0.047,0.034
2006,5,0.098,,0.041,0.048,0.034
2006,6,0.035,,0.041,0.048,0.034
2006,7,0.021,,0.041,0.048,0.035
2006,8,0.087,,0.042,0.048,0.035
2006,9,0.151,,0.042,0.049,0.035
2006,10,0.051,,0.042,0.049,0.035
2006,11,0.133,,0.042,0.049,0.036
2006,12,-0.03,,0.043,0.049,0.036
2007,1,-0.006,,0.043,0.05,0.036
2007,2,-0.145,,0.043,0.05,0.036
2007,3,-0.096,,0.043,0.05,0.037
2007,4,0.067,,0.044,0.05,0.037
2007,5,-0.041,,0.044,0.051,0.037
2007,6,0.049,,0.044,0.051,0.037
2007,7,0.018,,0.044,0.051,0.037
2007,8,0.05,,0.045,0.051,0.038
2007,9,-0.004,,0.045,0.052,0.038
2007,10,0.065,,0.045,0.052,0.038
2007,11,0.036,,0.045,0.052,0.038
2007,12,0.038,,0.045,0.052,0.039
2008,1,0.056,,0.046,0.053,0.039
2008,2,0.046,,0.046,0.053,0.039
2008,3,0.051,,0.046,0.053,0.039
2008,4,0.095,,0.046,0.053,0.04
2008,5,0.154,,0.047,0.054,0.04
2008,6,0.06,,0.047,0.054,0.04
2008,7,0.052,,0.047,0.054,0.04
2008,8,0.064,,0.047,0.054,0.041
2008,9,0.083,,0.048,0.055,0.041
2008,10,0.044,,0.048,0.055,0.041
2008,11,0.051,,0.048,0.055,0.041
2008,12,-0.028,,0.048,0.055,0.041
2009,1,-0.009,,0.049,0.056,0.042
2009,2,0.025,,0.049,0.056,0.042
2009,3,0.067,,0.049,0.056,0.042
2009,4,0.04,,0.049,0.056,0.042
2009,5,0.021,,0.05,0.057,0.043
2009,6,0.172,,0.05,0.057,0.043
2009,7,0.131,,0.05,0.057,0.043
2009,8,0.063,,0.05,0.057,0.043
2009,9,0.109,,0.051,0.057,0.044
2009,10,0.151,,0.051,0.058,0.044
2009,11,0.195,,0.051,0.058,0.044
2009,12,0.09,,0.051,0.058,0.044
2010,1,0.117,,0.051,0.058,0.044
2010,2,0.181,,0.052,0.059,0.045
2010,3,0.298,,0.052,0.059,0.045
2010,4,0.123,,0.052,0.059,0.045
2010,5,0.049,,0.052,0.059,0.045
2010,6,0.099,,0.053,0.06,0.046
2010,7,0.077,,0.053,0.06,0.046
2010,8,0.116,,0.053,0.06,0.046
2010,9,0.091,,0.053,0.06,0.046
2010,10,0.087,,0.054,0.061,0.047
2010,11,0.135,,0.054,0.061,0.047
2010,12,0.121,,0.054,0.061,0.047
2011,1,0.09,,0.054,0.061,0.047
2011,2,0.051,,0.055,0.062,0.047
2011,3,0.105,,0.055,0.062,0.048
2011,4,0.095,,0.055,0.062,0.048
2011,5,0.183,,0.055,0.062,0.048
2011,6,0.155,,0.056,0.063,0.048
2011,7,0.121,,0.056,0.063,0.049
2011,8,0.143,,0.056,0.063,0.049
2011,9,0.194,,0.056,0.063,0.049
2011,10,0.145,,0.056,0.064,0.049
2011,11,0.079,,0.057,0.064,0.05
2011,12,0.086,,0.057,0.064,0.05
2012,1,0.052,,0.057,0.064,0.05
2012,2,0.061,,0.057,0.065,0.05
2012,3,0.082,,0.058,0.065,0.051
2012,4,0.08,,0.058,0.065,0.051
2012,5,0.066,,0.058,0.065,0.051
2012,6,0.153,,0.058,0.066,0.051
2012,7,0.092,,0.059,0.066,0.051
2012,8,0.079,,0.059,0.066,0.052
2012,9,0.045,,0.059,0.066,0.052
2012,10,0.153,,0.059,0.067,0.052
2012,11,0.107,,0.06,0.067,0.052
2012,12,0.17,,0.06,0.067,0.053
2013,1,0.014,,0.06,0.067,0.053
2013,2,0.053,,0.06,0.068,0.053
2013,3,0.18,,0.061,0.068,0.053
2013,4,0.042,,0.061,0.068,0.054
2013,5,0.007,,0.061,0.068,0.054
2013,6,0.086,,0.061,0.069,0.054
2013,7,0.104,,0.062,0.069,0.054
2013,8,0.074,,0.062,0.069,0.054
2013,9,0.065,,0.062,0.069,0.055
2013,10,0.116,,0.062,0.069,0.055
2013,11,-0.036,,0.062,0.07,0.055
2013,12,0.038,,0.063,0.07,0.055
2014,1,0.027,,0.063,0.07,0.056
2014,2,0.014,,0.063,0.07,0.056
2014,3,0.045,,0.063,0.071,0.056
2014,4,0.097,,0.064,0.071,0.056
2014,5,0.103,,0.064,0.071,0.057
2014,6,0.105,,0.064,0.071,0.057
2014,7,0.068,,0.064,0.072,0.057
2014,8,0.11,,0.065,0.072,0.057
2014,9,0.102,,0.065,0.072,0.058
2014,10,0.139,,0.065,0.072,0.058
2014,11,0.034,,0.065,0.073,0.058
2014,12,0.141,,0.066,0.073,0.058
2015,1,-0.01,,0.066,0.073,0.058
2015,2,0.021,,0.066,0.073,0.059
2015,3,-0.065,,0.066,0.074,0.059
2015,4,0.02,,0.067,0.074,0.059
2015,5,-0.049,,0.067,0.074,0.059
2015,6,0.072,,0.067,0.074,0.06
2015,7,0.123,,0.067,0.075,0.06
2015,8,0.082,,0.067,0.075,0.06
2015,9,0.113,,0.068,0.075,0.06
2015,10,0.129,,0.068,0.075,0.061
2015,11,0.064,,0.068,0.076,0.061
2015,12,0.122,,0.068,0.076,0.061
2016,1,0.124,,0.069,0.076,0.061
2016,2,0.09,,0.069,0.076,0.061
2016,3,0.096,,0.069,0.077,0.062
2016,4,0.077,,0.069,0.077,0.062
2016,5,0.05,,0.07,0.077,0.062
2016,6,0.049,,0.07,0.077,0.062
2016,7,0.068,,0.07,0.078,0.063
2016,8,0.04,,0.07,0.078,0.063
2016,9,0.134,,0.071,0.078,0.063
2016,10,0.083,,0.071,0.078,0.063
2016,11,0.029,,0.071,0.079,0.064
2016,12,0.014,,0.071,0.079,0.064
2017,1,0.102,,0.072,0.079,0.064
2017,2,0.071,,0.072,0.079,0.064
2017,3,-0.054,,0.072,0.08,0.064
2017,4,0.128,,0.072,0.08,0.065
2017,5,0.157,,0.072,0.08,0.065
2017,6,0.089,,0.073,0.08,0.065
2017,7,0.13,,0.073,0.081,0.065
2017,8,0.096,,0.073,0.081,0.066
2017,9,0.13,,0.073,0.081,0.066
2017,10,0.097,,0.074,0.081,0.066
2017,11,0.113,,0.074,0.081,0.066
2017,12,0.013,,0.074,0.082,0.067
2018,1,-0.027,,0.074,0.082,0.067
2018,2,0.045,,0.075,0.082,0.067
2018,3,0.239,,0.075,0.082,0.067
2018,4,0.076,,0.075,0.083,0.068
2018,5,0.085,,0.075,0.083,0.068
2018,6,0.147,,0.076,0.083,0.068
2018,7,0.108,,0.076,0.083,0.068
2018,8,0.136,,0.076,0.084,0.068
2018,9,0.211,,0.076,0.084,0.069
2018,10,0.102,,0.077,0.084,0.069
2018,11,0.1,,0.077,0.084,0.069
2018,12,0.169,,0.077,0.085,0.069
2019,1,0.108,,0.077,0.085,0.07
2019,2,0.041,,0.078,0.085,0.07
2019,3,0.078,,0.078,0.085,0.07
2019,4,0.079,,0.078,0.086,0.07
2019,5,0.176,,0.078,0.086,0.071
2019,6,0.142,,0.078,0.086,0.071
2019,7,0.144,,0.079,0.086,0.071
2019,8,0.153,,0.079,0.087,0.071
2019,9,0.152,,0.079,0.087,0.071
2019,10,0.238,,0.079,0.087,0.072
2019,11,0.147,,0.08,0.087,0.072
2019,12,0.152,,0.08,0.088,0.072
2020,1,0.14,,0.08,0.088,0.072
2020,2,0.116,,0.08,0.088,0.073
2020,3,0.188,,0.081,0.088,0.073
2020,4,0.184,,0.081,0.089,0.073
2020,5,0.069,,0.081,0.089,0.073
2020,6,0.12,,0.081,0.089,0.074